0 verbose cli /usr/bin/node /usr/bin/npm
1 info using npm@10.9.4
2 info using node@v22.22.0
3 silly config load:file:/usr/lib/node_modules/npm/npmrc
4 silly config load:file:/home/mspbots/.hermes/profiles/belle-clone/home/.npmrc
5 silly config load:file:/home/mspbots/.hermes/profiles/belle-clone/home/.npm-global/etc/npmrc
6 verbose title npm install mcporter
7 verbose argv "install" "--global" "mcporter"
8 verbose logfile logs-max:10 dir:/home/mspbots/.hermes/profiles/belle-clone/home/.npm/_logs/2026-06-07T04_31_02_589Z-
9 verbose logfile /home/mspbots/.hermes/profiles/belle-clone/home/.npm/_logs/2026-06-07T04_31_02_589Z-debug-0.log
10 silly packumentCache heap:2101346304 maxSize:525336576 maxEntrySize:262668288
11 silly logfile done cleaning log files
12 silly idealTree buildDeps
13 silly fetch manifest mcporter@*
14 silly packumentCache full:https://registry.npmjs.org/mcporter cache-miss
15 http cache https://registry.npmjs.org/mcporter 18ms (cache hit)
16 silly packumentCache full:https://registry.npmjs.org/mcporter set size:166845 disposed:false
17 silly placeDep ROOT mcporter@0.9.0 OK for:  want: *
18 silly fetch manifest ora@^9.3.0
19 silly packumentCache full:https://registry.npmjs.org/ora cache-miss
20 http cache https://registry.npmjs.org/ora 5ms (cache hit)
21 silly packumentCache full:https://registry.npmjs.org/ora set size:144913 disposed:false
22 silly fetch manifest zod@^4.3.6
23 silly packumentCache full:https://registry.npmjs.org/zod cache-miss
24 http cache https://registry.npmjs.org/zod 16ms (cache hit)
25 silly packumentCache full:https://registry.npmjs.org/zod set size:3552562 disposed:false
26 silly fetch manifest acorn@^8.16.0
27 silly packumentCache full:https://registry.npmjs.org/acorn cache-miss
28 http cache https://registry.npmjs.org/acorn 7ms (cache hit)
29 silly packumentCache full:https://registry.npmjs.org/acorn set size:379626 disposed:false
30 silly fetch manifest rolldown@1.0.0-rc.16
31 silly packumentCache full:https://registry.npmjs.org/rolldown cache-miss
32 http cache https://registry.npmjs.org/rolldown 16ms (cache hit)
33 silly packumentCache full:https://registry.npmjs.org/rolldown set size:3725328 disposed:false
34 silly fetch manifest commander@^14.0.3
35 silly packumentCache full:https://registry.npmjs.org/commander cache-miss
36 http cache https://registry.npmjs.org/commander 40ms (cache hit)
37 silly packumentCache full:https://registry.npmjs.org/commander set size:353115 disposed:false
38 silly fetch manifest es-toolkit@^1.45.1
39 silly packumentCache full:https://registry.npmjs.org/es-toolkit cache-miss
40 http cache https://registry.npmjs.org/es-toolkit 33ms (cache hit)
41 silly packumentCache full:https://registry.npmjs.org/es-toolkit set size:10781550 disposed:false
42 silly fetch manifest @iarna/toml@^2.2.5
43 silly packumentCache full:https://registry.npmjs.org/@iarna%2ftoml cache-miss
44 http cache https://registry.npmjs.org/@iarna%2ftoml 18ms (cache hit)
45 silly packumentCache full:https://registry.npmjs.org/@iarna%2ftoml set size:102266 disposed:false
46 silly fetch manifest jsonc-parser@^3.3.1
47 silly packumentCache full:https://registry.npmjs.org/jsonc-parser cache-miss
48 http cache https://registry.npmjs.org/jsonc-parser 5ms (cache hit)
49 silly packumentCache full:https://registry.npmjs.org/jsonc-parser set size:99919 disposed:false
50 silly fetch manifest @modelcontextprotocol/sdk@^1.29.0
51 silly packumentCache full:https://registry.npmjs.org/@modelcontextprotocol%2fsdk cache-miss
52 http cache https://registry.npmjs.org/@modelcontextprotocol%2fsdk 5ms (cache hit)
53 silly packumentCache full:https://registry.npmjs.org/@modelcontextprotocol%2fsdk set size:295660 disposed:false
54 silly fetch manifest @cfworker/json-schema@^4.1.1
55 silly packumentCache full:https://registry.npmjs.org/@cfworker%2fjson-schema cache-miss
56 http cache https://registry.npmjs.org/@cfworker%2fjson-schema 4ms (cache hit)
57 silly packumentCache full:https://registry.npmjs.org/@cfworker%2fjson-schema set size:144207 disposed:false
58 silly placeDep node_modules/mcporter @iarna/toml@2.2.5 OK for: mcporter@0.9.0 want: ^2.2.5
59 silly placeDep node_modules/mcporter @modelcontextprotocol/sdk@1.29.0 OK for: mcporter@0.9.0 want: ^1.29.0
60 silly placeDep node_modules/mcporter acorn@8.16.0 OK for: mcporter@0.9.0 want: ^8.16.0
61 silly placeDep node_modules/mcporter commander@14.0.3 OK for: mcporter@0.9.0 want: ^14.0.3
62 silly placeDep node_modules/mcporter es-toolkit@1.47.0 OK for: mcporter@0.9.0 want: ^1.45.1
63 silly placeDep node_modules/mcporter jsonc-parser@3.3.1 OK for: mcporter@0.9.0 want: ^3.3.1
64 silly placeDep node_modules/mcporter ora@9.4.0 OK for: mcporter@0.9.0 want: ^9.3.0
65 silly placeDep node_modules/mcporter rolldown@1.0.0-rc.16 OK for: mcporter@0.9.0 want: 1.0.0-rc.16
66 silly placeDep node_modules/mcporter zod@4.4.3 OK for: mcporter@0.9.0 want: ^4.3.6
67 silly fetch manifest ajv@^8.17.1
68 silly packumentCache full:https://registry.npmjs.org/ajv cache-miss
69 http cache https://registry.npmjs.org/ajv 7ms (cache hit)
70 silly packumentCache full:https://registry.npmjs.org/ajv set size:1142658 disposed:false
71 silly fetch manifest zod@^3.25 || ^4.0
72 silly packumentCache full:https://registry.npmjs.org/zod cache-miss
73 http cache https://registry.npmjs.org/zod 16ms (cache hit)
74 silly packumentCache full:https://registry.npmjs.org/zod set size:3552562 disposed:false
75 silly fetch manifest cors@^2.8.5
76 silly packumentCache full:https://registry.npmjs.org/cors cache-miss
77 http cache https://registry.npmjs.org/cors 4ms (cache hit)
78 silly packumentCache full:https://registry.npmjs.org/cors set size:77956 disposed:false
79 silly fetch manifest hono@^4.11.4
80 silly packumentCache full:https://registry.npmjs.org/hono cache-miss
81 http cache https://registry.npmjs.org/hono 19ms (cache hit)
82 silly packumentCache full:https://registry.npmjs.org/hono set size:5794717 disposed:false
83 silly fetch manifest jose@^6.1.3
84 silly packumentCache full:https://registry.npmjs.org/jose cache-miss
85 http cache https://registry.npmjs.org/jose 7ms (cache hit)
86 silly packumentCache full:https://registry.npmjs.org/jose set size:1413195 disposed:false
87 silly fetch manifest express@^5.2.1
88 silly packumentCache full:https://registry.npmjs.org/express cache-miss
89 http cache https://registry.npmjs.org/express 11ms (cache hit)
90 silly packumentCache full:https://registry.npmjs.org/express set size:804947 disposed:false
91 silly fetch manifest raw-body@^3.0.0
92 silly packumentCache full:https://registry.npmjs.org/raw-body cache-miss
93 http cache https://registry.npmjs.org/raw-body 3ms (cache hit)
94 silly packumentCache full:https://registry.npmjs.org/raw-body set size:117822 disposed:false
95 silly fetch manifest ajv-formats@^3.0.1
96 silly packumentCache full:https://registry.npmjs.org/ajv-formats cache-miss
97 http cache https://registry.npmjs.org/ajv-formats 3ms (cache hit)
98 silly packumentCache full:https://registry.npmjs.org/ajv-formats set size:141264 disposed:false
99 silly fetch manifest cross-spawn@^7.0.5
100 silly packumentCache full:https://registry.npmjs.org/cross-spawn cache-miss
101 http cache https://registry.npmjs.org/cross-spawn 3ms (cache hit)
102 silly packumentCache full:https://registry.npmjs.org/cross-spawn set size:109066 disposed:false
103 silly fetch manifest eventsource@^3.0.2
104 silly packumentCache full:https://registry.npmjs.org/eventsource cache-miss
105 http cache https://registry.npmjs.org/eventsource 3ms (cache hit)
106 silly packumentCache full:https://registry.npmjs.org/eventsource set size:128214 disposed:false
107 silly fetch manifest content-type@^1.0.5
108 silly packumentCache full:https://registry.npmjs.org/content-type cache-miss
109 http cache https://registry.npmjs.org/content-type 4ms (cache hit)
110 silly packumentCache full:https://registry.npmjs.org/content-type set size:18994 disposed:false
111 silly fetch manifest pkce-challenge@^5.0.0
112 silly packumentCache full:https://registry.npmjs.org/pkce-challenge cache-miss
113 http cache https://registry.npmjs.org/pkce-challenge 4ms (cache hit)
114 silly packumentCache full:https://registry.npmjs.org/pkce-challenge set size:37734 disposed:false
115 silly fetch manifest @hono/node-server@^1.19.9
116 silly packumentCache full:https://registry.npmjs.org/@hono%2fnode-server cache-miss
117 http cache https://registry.npmjs.org/@hono%2fnode-server 4ms (cache hit)
118 silly packumentCache full:https://registry.npmjs.org/@hono%2fnode-server set size:257792 disposed:false
119 silly fetch manifest json-schema-typed@^8.0.2
120 silly packumentCache full:https://registry.npmjs.org/json-schema-typed cache-miss
121 http cache https://registry.npmjs.org/json-schema-typed 3ms (cache hit)
122 silly packumentCache full:https://registry.npmjs.org/json-schema-typed set size:26165 disposed:false
123 silly fetch manifest eventsource-parser@^3.0.0
124 silly packumentCache full:https://registry.npmjs.org/eventsource-parser cache-miss
125 http cache https://registry.npmjs.org/eventsource-parser 3ms (cache hit)
126 silly packumentCache full:https://registry.npmjs.org/eventsource-parser set size:78018 disposed:false
127 silly fetch manifest express-rate-limit@^8.2.1
128 silly packumentCache full:https://registry.npmjs.org/express-rate-limit cache-miss
129 http cache https://registry.npmjs.org/express-rate-limit 5ms (cache hit)
130 silly packumentCache full:https://registry.npmjs.org/express-rate-limit set size:443601 disposed:false
131 silly fetch manifest zod-to-json-schema@^3.25.1
132 silly packumentCache full:https://registry.npmjs.org/zod-to-json-schema cache-miss
133 http cache https://registry.npmjs.org/zod-to-json-schema 4ms (cache hit)
134 silly packumentCache full:https://registry.npmjs.org/zod-to-json-schema set size:309584 disposed:false
135 silly fetch manifest chalk@^5.6.2
136 silly packumentCache full:https://registry.npmjs.org/chalk cache-miss
137 http cache https://registry.npmjs.org/chalk 4ms (cache hit)
138 silly packumentCache full:https://registry.npmjs.org/chalk set size:117861 disposed:false
139 silly fetch manifest cli-cursor@^5.0.0
140 silly packumentCache full:https://registry.npmjs.org/cli-cursor cache-miss
141 http cache https://registry.npmjs.org/cli-cursor 4ms (cache hit)
142 silly packumentCache full:https://registry.npmjs.org/cli-cursor set size:18913 disposed:false
143 silly fetch manifest cli-spinners@^3.2.0
144 silly packumentCache full:https://registry.npmjs.org/cli-spinners cache-miss
145 http cache https://registry.npmjs.org/cli-spinners 4ms (cache hit)
146 silly packumentCache full:https://registry.npmjs.org/cli-spinners set size:67473 disposed:false
147 silly fetch manifest is-interactive@^2.0.0
148 silly packumentCache full:https://registry.npmjs.org/is-interactive cache-miss
149 http cache https://registry.npmjs.org/is-interactive 3ms (cache hit)
150 silly packumentCache full:https://registry.npmjs.org/is-interactive set size:10692 disposed:false
151 silly fetch manifest is-unicode-supported@^2.1.0
152 silly packumentCache full:https://registry.npmjs.org/is-unicode-supported cache-miss
153 http cache https://registry.npmjs.org/is-unicode-supported 3ms (cache hit)
154 silly packumentCache full:https://registry.npmjs.org/is-unicode-supported set size:19461 disposed:false
155 silly fetch manifest log-symbols@^7.0.1
156 silly packumentCache full:https://registry.npmjs.org/log-symbols cache-miss
157 http cache https://registry.npmjs.org/log-symbols 3ms (cache hit)
158 silly packumentCache full:https://registry.npmjs.org/log-symbols set size:31977 disposed:false
159 silly fetch manifest stdin-discarder@^0.3.2
160 silly packumentCache full:https://registry.npmjs.org/stdin-discarder cache-miss
161 http cache https://registry.npmjs.org/stdin-discarder 3ms (cache hit)
162 silly packumentCache full:https://registry.npmjs.org/stdin-discarder set size:15211 disposed:false
163 silly fetch manifest string-width@^8.1.0
164 silly packumentCache full:https://registry.npmjs.org/string-width cache-miss
165 http cache https://registry.npmjs.org/string-width 3ms (cache hit)
166 silly packumentCache full:https://registry.npmjs.org/string-width set size:70381 disposed:false
167 silly fetch manifest @oxc-project/types@=0.126.0
168 silly packumentCache full:https://registry.npmjs.org/@oxc-project%2ftypes cache-miss
169 http cache https://registry.npmjs.org/@oxc-project%2ftypes 4ms (cache hit)
170 silly packumentCache full:https://registry.npmjs.org/@oxc-project%2ftypes set size:229672 disposed:false
171 silly fetch manifest @rolldown/pluginutils@1.0.0-rc.16
172 silly packumentCache full:https://registry.npmjs.org/@rolldown%2fpluginutils cache-miss
173 http cache https://registry.npmjs.org/@rolldown%2fpluginutils 6ms (cache hit)
174 silly packumentCache full:https://registry.npmjs.org/@rolldown%2fpluginutils set size:300388 disposed:false
175 silly fetch manifest @rolldown/binding-darwin-x64@1.0.0-rc.16
176 silly packumentCache full:https://registry.npmjs.org/@rolldown%2fbinding-darwin-x64 cache-miss
177 http cache https://registry.npmjs.org/@rolldown%2fbinding-darwin-x64 16ms (cache hit)
178 silly packumentCache full:https://registry.npmjs.org/@rolldown%2fbinding-darwin-x64 set size:1365951 disposed:false
179 silly fetch manifest @rolldown/binding-freebsd-x64@1.0.0-rc.16
180 silly packumentCache full:https://registry.npmjs.org/@rolldown%2fbinding-freebsd-x64 cache-miss
181 http cache https://registry.npmjs.org/@rolldown%2fbinding-freebsd-x64 6ms (cache hit)
182 silly packumentCache full:https://registry.npmjs.org/@rolldown%2fbinding-freebsd-x64 set size:1045606 disposed:false
183 silly fetch manifest @rolldown/binding-wasm32-wasi@1.0.0-rc.16
184 silly packumentCache full:https://registry.npmjs.org/@rolldown%2fbinding-wasm32-wasi cache-miss
185 http cache https://registry.npmjs.org/@rolldown%2fbinding-wasm32-wasi 8ms (cache hit)
186 silly packumentCache full:https://registry.npmjs.org/@rolldown%2fbinding-wasm32-wasi set size:1353870 disposed:false
187 silly fetch manifest @rolldown/binding-darwin-arm64@1.0.0-rc.16
188 silly packumentCache full:https://registry.npmjs.org/@rolldown%2fbinding-darwin-arm64 cache-miss
189 http cache https://registry.npmjs.org/@rolldown%2fbinding-darwin-arm64 8ms (cache hit)
190 silly packumentCache full:https://registry.npmjs.org/@rolldown%2fbinding-darwin-arm64 set size:1377586 disposed:false
191 silly fetch manifest @rolldown/binding-android-arm64@1.0.0-rc.16
192 silly packumentCache full:https://registry.npmjs.org/@rolldown%2fbinding-android-arm64 cache-miss
193 http cache https://registry.npmjs.org/@rolldown%2fbinding-android-arm64 14ms (cache hit)
194 silly packumentCache full:https://registry.npmjs.org/@rolldown%2fbinding-android-arm64 set size:152040 disposed:false
195 silly fetch manifest @rolldown/binding-linux-x64-gnu@1.0.0-rc.16
196 silly packumentCache full:https://registry.npmjs.org/@rolldown%2fbinding-linux-x64-gnu cache-miss
197 http cache https://registry.npmjs.org/@rolldown%2fbinding-linux-x64-gnu 7ms (cache hit)
198 silly packumentCache full:https://registry.npmjs.org/@rolldown%2fbinding-linux-x64-gnu set size:1391157 disposed:false
199 silly fetch manifest @rolldown/binding-linux-x64-musl@1.0.0-rc.16
200 silly packumentCache full:https://registry.npmjs.org/@rolldown%2fbinding-linux-x64-musl cache-miss
201 http cache https://registry.npmjs.org/@rolldown%2fbinding-linux-x64-musl 8ms (cache hit)
202 silly packumentCache full:https://registry.npmjs.org/@rolldown%2fbinding-linux-x64-musl set size:1395797 disposed:false
203 silly fetch manifest @rolldown/binding-win32-x64-msvc@1.0.0-rc.16
204 silly packumentCache full:https://registry.npmjs.org/@rolldown%2fbinding-win32-x64-msvc cache-miss
205 http cache https://registry.npmjs.org/@rolldown%2fbinding-win32-x64-msvc 7ms (cache hit)
206 silly packumentCache full:https://registry.npmjs.org/@rolldown%2fbinding-win32-x64-msvc set size:1383872 disposed:false
207 silly fetch manifest @rolldown/binding-linux-arm64-gnu@1.0.0-rc.16
208 silly packumentCache full:https://registry.npmjs.org/@rolldown%2fbinding-linux-arm64-gnu cache-miss
209 http cache https://registry.npmjs.org/@rolldown%2fbinding-linux-arm64-gnu 7ms (cache hit)
210 silly packumentCache full:https://registry.npmjs.org/@rolldown%2fbinding-linux-arm64-gnu set size:1402829 disposed:false
211 silly fetch manifest @rolldown/binding-linux-ppc64-gnu@1.0.0-rc.16
212 silly packumentCache full:https://registry.npmjs.org/@rolldown%2fbinding-linux-ppc64-gnu cache-miss
213 http cache https://registry.npmjs.org/@rolldown%2fbinding-linux-ppc64-gnu 3ms (cache hit)
214 silly packumentCache full:https://registry.npmjs.org/@rolldown%2fbinding-linux-ppc64-gnu set size:39416 disposed:false
215 silly fetch manifest @rolldown/binding-linux-s390x-gnu@1.0.0-rc.16
216 silly packumentCache full:https://registry.npmjs.org/@rolldown%2fbinding-linux-s390x-gnu cache-miss
217 http cache https://registry.npmjs.org/@rolldown%2fbinding-linux-s390x-gnu 3ms (cache hit)
218 silly packumentCache full:https://registry.npmjs.org/@rolldown%2fbinding-linux-s390x-gnu set size:39409 disposed:false
219 silly fetch manifest @rolldown/binding-linux-arm64-musl@1.0.0-rc.16
220 silly packumentCache full:https://registry.npmjs.org/@rolldown%2fbinding-linux-arm64-musl cache-miss
221 http cache https://registry.npmjs.org/@rolldown%2fbinding-linux-arm64-musl 7ms (cache hit)
222 silly packumentCache full:https://registry.npmjs.org/@rolldown%2fbinding-linux-arm64-musl set size:1407424 disposed:false
223 silly fetch manifest @rolldown/binding-win32-arm64-msvc@1.0.0-rc.16
224 silly packumentCache full:https://registry.npmjs.org/@rolldown%2fbinding-win32-arm64-msvc cache-miss
225 http cache https://registry.npmjs.org/@rolldown%2fbinding-win32-arm64-msvc 7ms (cache hit)
226 silly packumentCache full:https://registry.npmjs.org/@rolldown%2fbinding-win32-arm64-msvc set size:1397888 disposed:false
227 silly fetch manifest @rolldown/binding-openharmony-arm64@1.0.0-rc.16
228 silly packumentCache full:https://registry.npmjs.org/@rolldown%2fbinding-openharmony-arm64 cache-miss
229 http cache https://registry.npmjs.org/@rolldown%2fbinding-openharmony-arm64 43ms (cache hit)
230 silly packumentCache full:https://registry.npmjs.org/@rolldown%2fbinding-openharmony-arm64 set size:113756 disposed:false
231 silly fetch manifest @rolldown/binding-linux-arm-gnueabihf@1.0.0-rc.16
232 silly packumentCache full:https://registry.npmjs.org/@rolldown%2fbinding-linux-arm-gnueabihf cache-miss
233 http cache https://registry.npmjs.org/@rolldown%2fbinding-linux-arm-gnueabihf 11ms (cache hit)
234 silly packumentCache full:https://registry.npmjs.org/@rolldown%2fbinding-linux-arm-gnueabihf set size:1412337 disposed:false
235 silly placeDep node_modules/mcporter @hono/node-server@1.19.14 OK for: @modelcontextprotocol/sdk@1.29.0 want: ^1.19.9
236 silly placeDep node_modules/mcporter hono@4.12.23 OK for: @hono/node-server@1.19.14 want: ^4
237 silly placeDep node_modules/mcporter ajv@8.20.0 OK for: @modelcontextprotocol/sdk@1.29.0 want: ^8.17.1
238 silly placeDep node_modules/mcporter ajv-formats@3.0.1 OK for: @modelcontextprotocol/sdk@1.29.0 want: ^3.0.1
239 silly placeDep node_modules/mcporter content-type@1.0.5 OK for: @modelcontextprotocol/sdk@1.29.0 want: ^1.0.5
240 silly placeDep node_modules/mcporter cors@2.8.6 OK for: @modelcontextprotocol/sdk@1.29.0 want: ^2.8.5
241 silly placeDep node_modules/mcporter cross-spawn@7.0.6 OK for: @modelcontextprotocol/sdk@1.29.0 want: ^7.0.5
242 silly placeDep node_modules/mcporter eventsource@3.0.7 OK for: @modelcontextprotocol/sdk@1.29.0 want: ^3.0.2
243 silly placeDep node_modules/mcporter eventsource-parser@3.1.0 OK for: @modelcontextprotocol/sdk@1.29.0 want: ^3.0.0
244 silly placeDep node_modules/mcporter express@5.2.1 OK for: @modelcontextprotocol/sdk@1.29.0 want: ^5.2.1
245 silly placeDep node_modules/mcporter express-rate-limit@8.5.2 OK for: @modelcontextprotocol/sdk@1.29.0 want: ^8.2.1
246 silly placeDep node_modules/mcporter jose@6.2.3 OK for: @modelcontextprotocol/sdk@1.29.0 want: ^6.1.3
247 silly placeDep node_modules/mcporter json-schema-typed@8.0.2 OK for: @modelcontextprotocol/sdk@1.29.0 want: ^8.0.2
248 silly placeDep node_modules/mcporter pkce-challenge@5.0.1 OK for: @modelcontextprotocol/sdk@1.29.0 want: ^5.0.0
249 silly placeDep node_modules/mcporter raw-body@3.0.2 OK for: @modelcontextprotocol/sdk@1.29.0 want: ^3.0.0
250 silly placeDep node_modules/mcporter zod-to-json-schema@3.25.2 OK for: @modelcontextprotocol/sdk@1.29.0 want: ^3.25.1
251 silly fetch manifest fast-deep-equal@^3.1.3
252 silly packumentCache full:https://registry.npmjs.org/fast-deep-equal cache-miss
253 http cache https://registry.npmjs.org/fast-deep-equal 4ms (cache hit)
254 silly packumentCache full:https://registry.npmjs.org/fast-deep-equal set size:48634 disposed:false
255 silly fetch manifest fast-uri@^3.0.1
256 silly packumentCache full:https://registry.npmjs.org/fast-uri cache-miss
257 http cache https://registry.npmjs.org/fast-uri 4ms (cache hit)
258 silly packumentCache full:https://registry.npmjs.org/fast-uri set size:68147 disposed:false
259 silly fetch manifest json-schema-traverse@^1.0.0
260 silly packumentCache full:https://registry.npmjs.org/json-schema-traverse cache-miss
261 http cache https://registry.npmjs.org/json-schema-traverse 3ms (cache hit)
262 silly packumentCache full:https://registry.npmjs.org/json-schema-traverse set size:23537 disposed:false
263 silly fetch manifest require-from-string@^2.0.2
264 silly packumentCache full:https://registry.npmjs.org/require-from-string cache-miss
265 http cache https://registry.npmjs.org/require-from-string 4ms (cache hit)
266 silly packumentCache full:https://registry.npmjs.org/require-from-string set size:15128 disposed:false
267 silly fetch manifest object-assign@^4
268 silly packumentCache full:https://registry.npmjs.org/object-assign cache-miss
269 http cache https://registry.npmjs.org/object-assign 3ms (cache hit)
270 silly packumentCache full:https://registry.npmjs.org/object-assign set size:28988 disposed:false
271 silly fetch manifest vary@^1
272 silly packumentCache full:https://registry.npmjs.org/vary cache-miss
273 http cache https://registry.npmjs.org/vary 3ms (cache hit)
274 silly packumentCache full:https://registry.npmjs.org/vary set size:15994 disposed:false
275 silly fetch manifest which@^2.0.1
276 silly packumentCache full:https://registry.npmjs.org/which cache-miss
277 http cache https://registry.npmjs.org/which 3ms (cache hit)
278 silly packumentCache full:https://registry.npmjs.org/which set size:70143 disposed:false
279 silly fetch manifest path-key@^3.1.0
280 silly packumentCache full:https://registry.npmjs.org/path-key cache-miss
281 http cache https://registry.npmjs.org/path-key 3ms (cache hit)
282 silly packumentCache full:https://registry.npmjs.org/path-key set size:16975 disposed:false
283 silly fetch manifest shebang-command@^2.0.0
284 silly packumentCache full:https://registry.npmjs.org/shebang-command cache-miss
285 http cache https://registry.npmjs.org/shebang-command 3ms (cache hit)
286 silly packumentCache full:https://registry.npmjs.org/shebang-command set size:8525 disposed:false
287 silly fetch manifest eventsource-parser@^3.0.1
288 silly packumentCache full:https://registry.npmjs.org/eventsource-parser cache-hit
289 silly fetch manifest qs@^6.14.0
290 silly packumentCache full:https://registry.npmjs.org/qs cache-miss
291 http cache https://registry.npmjs.org/qs 4ms (cache hit)
292 silly packumentCache full:https://registry.npmjs.org/qs set size:356906 disposed:false
293 silly fetch manifest depd@^2.0.0
294 silly packumentCache full:https://registry.npmjs.org/depd cache-miss
295 http cache https://registry.npmjs.org/depd 3ms (cache hit)
296 silly packumentCache full:https://registry.npmjs.org/depd set size:40182 disposed:false
297 silly fetch manifest etag@^1.8.1
298 silly packumentCache full:https://registry.npmjs.org/etag cache-miss
299 http cache https://registry.npmjs.org/etag 3ms (cache hit)
300 silly packumentCache full:https://registry.npmjs.org/etag set size:30032 disposed:false
301 silly fetch manifest once@^1.4.0
302 silly packumentCache full:https://registry.npmjs.org/once cache-miss
303 http cache https://registry.npmjs.org/once 3ms (cache hit)
304 silly packumentCache full:https://registry.npmjs.org/once set size:11752 disposed:false
305 silly fetch manifest send@^1.1.0
306 silly packumentCache full:https://registry.npmjs.org/send cache-miss
307 http cache https://registry.npmjs.org/send 4ms (cache hit)
308 silly packumentCache full:https://registry.npmjs.org/send set size:152810 disposed:false
309 silly fetch manifest vary@^1.1.2
310 silly packumentCache full:https://registry.npmjs.org/vary cache-hit
311 silly fetch manifest debug@^4.4.0
312 silly packumentCache full:https://registry.npmjs.org/debug cache-miss
313 http cache https://registry.npmjs.org/debug 3ms (cache hit)
314 silly packumentCache full:https://registry.npmjs.org/debug set size:195840 disposed:false
315 silly fetch manifest fresh@^2.0.0
316 silly packumentCache full:https://registry.npmjs.org/fresh cache-miss
317 http cache https://registry.npmjs.org/fresh 7ms (cache hit)
318 silly packumentCache full:https://registry.npmjs.org/fresh set size:25427 disposed:false
319 silly fetch manifest cookie@^0.7.1
320 silly packumentCache full:https://registry.npmjs.org/cookie cache-miss
321 http cache https://registry.npmjs.org/cookie 3ms (cache hit)
322 silly packumentCache full:https://registry.npmjs.org/cookie set size:72891 disposed:false
323 silly fetch manifest router@^2.2.0
324 silly packumentCache full:https://registry.npmjs.org/router cache-miss
325 http cache https://registry.npmjs.org/router 3ms (cache hit)
326 silly packumentCache full:https://registry.npmjs.org/router set size:116499 disposed:false
327 silly fetch manifest accepts@^2.0.0
328 silly packumentCache full:https://registry.npmjs.org/accepts cache-miss
329 http cache https://registry.npmjs.org/accepts 3ms (cache hit)
330 silly packumentCache full:https://registry.npmjs.org/accepts set size:77054 disposed:false
331 silly fetch manifest type-is@^2.0.1
332 silly packumentCache full:https://registry.npmjs.org/type-is cache-miss
333 http cache https://registry.npmjs.org/type-is 7ms (cache hit)
334 silly packumentCache full:https://registry.npmjs.org/type-is set size:88614 disposed:false
335 silly fetch manifest parseurl@^1.3.3
336 silly packumentCache full:https://registry.npmjs.org/parseurl cache-miss
337 http cache https://registry.npmjs.org/parseurl 3ms (cache hit)
338 silly packumentCache full:https://registry.npmjs.org/parseurl set size:24148 disposed:false
339 silly fetch manifest statuses@^2.0.1
340 silly packumentCache full:https://registry.npmjs.org/statuses cache-miss
341 http cache https://registry.npmjs.org/statuses 3ms (cache hit)
342 silly packumentCache full:https://registry.npmjs.org/statuses set size:37117 disposed:false
343 silly fetch manifest encodeurl@^2.0.0
344 silly packumentCache full:https://registry.npmjs.org/encodeurl cache-miss
345 http cache https://registry.npmjs.org/encodeurl 3ms (cache hit)
346 silly packumentCache full:https://registry.npmjs.org/encodeurl set size:12296 disposed:false
347 silly fetch manifest mime-types@^3.0.0
348 silly packumentCache full:https://registry.npmjs.org/mime-types cache-miss
349 http cache https://registry.npmjs.org/mime-types 4ms (cache hit)
350 silly packumentCache full:https://registry.npmjs.org/mime-types set size:139110 disposed:false
351 silly fetch manifest proxy-addr@^2.0.7
352 silly packumentCache full:https://registry.npmjs.org/proxy-addr cache-miss
353 http cache https://registry.npmjs.org/proxy-addr 4ms (cache hit)
354 silly packumentCache full:https://registry.npmjs.org/proxy-addr set size:61619 disposed:false
355 silly fetch manifest body-parser@^2.2.1
356 silly packumentCache full:https://registry.npmjs.org/body-parser cache-miss
357 http cache https://registry.npmjs.org/body-parser 4ms (cache hit)
358 silly packumentCache full:https://registry.npmjs.org/body-parser set size:199299 disposed:false
359 silly fetch manifest escape-html@^1.0.3
360 silly packumentCache full:https://registry.npmjs.org/escape-html cache-miss
361 http cache https://registry.npmjs.org/escape-html 3ms (cache hit)
362 silly packumentCache full:https://registry.npmjs.org/escape-html set size:7345 disposed:false
363 silly fetch manifest http-errors@^2.0.0
364 silly packumentCache full:https://registry.npmjs.org/http-errors cache-miss
365 http cache https://registry.npmjs.org/http-errors 5ms (cache hit)
366 silly packumentCache full:https://registry.npmjs.org/http-errors set size:71987 disposed:false
367 silly fetch manifest on-finished@^2.4.1
368 silly packumentCache full:https://registry.npmjs.org/on-finished cache-miss
369 http cache https://registry.npmjs.org/on-finished 4ms (cache hit)
370 silly packumentCache full:https://registry.npmjs.org/on-finished set size:23212 disposed:false
371 silly fetch manifest finalhandler@^2.1.0
372 silly packumentCache full:https://registry.npmjs.org/finalhandler cache-miss
373 http cache https://registry.npmjs.org/finalhandler 3ms (cache hit)
374 silly packumentCache full:https://registry.npmjs.org/finalhandler set size:79291 disposed:false
375 silly fetch manifest range-parser@^1.2.1
376 silly packumentCache full:https://registry.npmjs.org/range-parser cache-miss
377 http cache https://registry.npmjs.org/range-parser 4ms (cache hit)
378 silly packumentCache full:https://registry.npmjs.org/range-parser set size:22228 disposed:false
379 silly fetch manifest serve-static@^2.2.0
380 silly packumentCache full:https://registry.npmjs.org/serve-static cache-miss
381 http cache https://registry.npmjs.org/serve-static 3ms (cache hit)
382 silly packumentCache full:https://registry.npmjs.org/serve-static set size:150391 disposed:false
383 silly fetch manifest cookie-signature@^1.2.1
384 silly packumentCache full:https://registry.npmjs.org/cookie-signature cache-miss
385 http cache https://registry.npmjs.org/cookie-signature 3ms (cache hit)
386 silly packumentCache full:https://registry.npmjs.org/cookie-signature set size:21777 disposed:false
387 silly fetch manifest merge-descriptors@^2.0.0
388 silly packumentCache full:https://registry.npmjs.org/merge-descriptors cache-miss
389 http cache https://registry.npmjs.org/merge-descriptors 4ms (cache hit)
390 silly packumentCache full:https://registry.npmjs.org/merge-descriptors set size:16527 disposed:false
391 silly fetch manifest content-disposition@^1.0.0
392 silly packumentCache full:https://registry.npmjs.org/content-disposition cache-miss
393 http cache https://registry.npmjs.org/content-disposition 3ms (cache hit)
394 silly packumentCache full:https://registry.npmjs.org/content-disposition set size:42862 disposed:false
395 silly fetch manifest ip-address@^10.2.0
396 silly packumentCache full:https://registry.npmjs.org/ip-address cache-miss
397 http cache https://registry.npmjs.org/ip-address 3ms (cache hit)
398 silly packumentCache full:https://registry.npmjs.org/ip-address set size:171530 disposed:false
399 silly fetch manifest bytes@~3.1.2
400 silly packumentCache full:https://registry.npmjs.org/bytes cache-miss
401 http cache https://registry.npmjs.org/bytes 4ms (cache hit)
402 silly packumentCache full:https://registry.npmjs.org/bytes set size:37018 disposed:false
403 silly fetch manifest unpipe@~1.0.0
404 silly packumentCache full:https://registry.npmjs.org/unpipe cache-miss
405 http cache https://registry.npmjs.org/unpipe 3ms (cache hit)
406 silly packumentCache full:https://registry.npmjs.org/unpipe set size:3609 disposed:false
407 silly fetch manifest iconv-lite@~0.7.0
408 silly packumentCache full:https://registry.npmjs.org/iconv-lite cache-miss
409 http cache https://registry.npmjs.org/iconv-lite 4ms (cache hit)
410 silly packumentCache full:https://registry.npmjs.org/iconv-lite set size:120557 disposed:false
411 silly fetch manifest http-errors@~2.0.1
412 silly packumentCache full:https://registry.npmjs.org/http-errors cache-hit
413 silly placeDep node_modules/mcporter fast-deep-equal@3.1.3 OK for: ajv@8.20.0 want: ^3.1.3
414 silly placeDep node_modules/mcporter fast-uri@3.1.2 OK for: ajv@8.20.0 want: ^3.0.1
415 silly placeDep node_modules/mcporter json-schema-traverse@1.0.0 OK for: ajv@8.20.0 want: ^1.0.0
416 silly placeDep node_modules/mcporter require-from-string@2.0.2 OK for: ajv@8.20.0 want: ^2.0.2
417 silly placeDep node_modules/mcporter object-assign@4.1.1 OK for: cors@2.8.6 want: ^4
418 silly placeDep node_modules/mcporter vary@1.1.2 OK for: cors@2.8.6 want: ^1
419 silly placeDep node_modules/mcporter path-key@3.1.1 OK for: cross-spawn@7.0.6 want: ^3.1.0
420 silly placeDep node_modules/mcporter shebang-command@2.0.0 OK for: cross-spawn@7.0.6 want: ^2.0.0
421 silly placeDep node_modules/mcporter which@2.0.2 OK for: cross-spawn@7.0.6 want: ^2.0.1
422 silly fetch manifest shebang-regex@^3.0.0
423 silly packumentCache full:https://registry.npmjs.org/shebang-regex cache-miss
424 http cache https://registry.npmjs.org/shebang-regex 15ms (cache hit)
425 silly packumentCache full:https://registry.npmjs.org/shebang-regex set size:9763 disposed:false
426 silly fetch manifest isexe@^2.0.0
427 silly packumentCache full:https://registry.npmjs.org/isexe cache-miss
428 http cache https://registry.npmjs.org/isexe 5ms (cache hit)
429 silly packumentCache full:https://registry.npmjs.org/isexe set size:31756 disposed:false
430 silly placeDep node_modules/mcporter accepts@2.0.0 OK for: express@5.2.1 want: ^2.0.0
431 silly placeDep node_modules/mcporter body-parser@2.2.2 OK for: express@5.2.1 want: ^2.2.1
432 silly placeDep node_modules/mcporter content-disposition@1.1.0 OK for: express@5.2.1 want: ^1.0.0
433 silly placeDep node_modules/mcporter cookie@0.7.2 OK for: express@5.2.1 want: ^0.7.1
434 silly placeDep node_modules/mcporter cookie-signature@1.2.2 OK for: express@5.2.1 want: ^1.2.1
435 silly placeDep node_modules/mcporter debug@4.4.3 OK for: express@5.2.1 want: ^4.4.0
436 silly placeDep node_modules/mcporter depd@2.0.0 OK for: express@5.2.1 want: ^2.0.0
437 silly placeDep node_modules/mcporter encodeurl@2.0.0 OK for: express@5.2.1 want: ^2.0.0
438 silly placeDep node_modules/mcporter escape-html@1.0.3 OK for: express@5.2.1 want: ^1.0.3
439 silly placeDep node_modules/mcporter etag@1.8.1 OK for: express@5.2.1 want: ^1.8.1
440 silly placeDep node_modules/mcporter finalhandler@2.1.1 OK for: express@5.2.1 want: ^2.1.0
441 silly placeDep node_modules/mcporter fresh@2.0.0 OK for: express@5.2.1 want: ^2.0.0
442 silly placeDep node_modules/mcporter http-errors@2.0.1 OK for: express@5.2.1 want: ^2.0.0
443 silly placeDep node_modules/mcporter merge-descriptors@2.0.0 OK for: express@5.2.1 want: ^2.0.0
444 silly placeDep node_modules/mcporter mime-types@3.0.2 OK for: express@5.2.1 want: ^3.0.0
445 silly placeDep node_modules/mcporter on-finished@2.4.1 OK for: express@5.2.1 want: ^2.4.1
446 silly placeDep node_modules/mcporter once@1.4.0 OK for: express@5.2.1 want: ^1.4.0
447 silly placeDep node_modules/mcporter parseurl@1.3.3 OK for: express@5.2.1 want: ^1.3.3
448 silly placeDep node_modules/mcporter proxy-addr@2.0.7 OK for: express@5.2.1 want: ^2.0.7
449 silly placeDep node_modules/mcporter qs@6.15.2 OK for: express@5.2.1 want: ^6.14.0
450 silly placeDep node_modules/mcporter range-parser@1.2.1 OK for: express@5.2.1 want: ^1.2.1
451 silly placeDep node_modules/mcporter router@2.2.0 OK for: express@5.2.1 want: ^2.2.0
452 silly placeDep node_modules/mcporter send@1.2.1 OK for: express@5.2.1 want: ^1.1.0
453 silly placeDep node_modules/mcporter serve-static@2.2.1 OK for: express@5.2.1 want: ^2.2.0
454 silly placeDep node_modules/mcporter statuses@2.0.2 OK for: express@5.2.1 want: ^2.0.1
455 silly placeDep node_modules/mcporter type-is@2.1.0 OK for: express@5.2.1 want: ^2.0.1
456 silly fetch manifest negotiator@^1.0.0
457 silly packumentCache full:https://registry.npmjs.org/negotiator cache-miss
458 http cache https://registry.npmjs.org/negotiator 3ms (cache hit)
459 silly packumentCache full:https://registry.npmjs.org/negotiator set size:48046 disposed:false
460 silly fetch manifest qs@^6.14.1
461 silly packumentCache full:https://registry.npmjs.org/qs cache-hit
462 silly fetch manifest bytes@^3.1.2
463 silly packumentCache full:https://registry.npmjs.org/bytes cache-hit
464 silly fetch manifest debug@^4.4.3
465 silly packumentCache full:https://registry.npmjs.org/debug cache-hit
466 silly fetch manifest iconv-lite@^0.7.0
467 silly packumentCache full:https://registry.npmjs.org/iconv-lite cache-hit
468 silly fetch manifest ms@^2.1.3
469 silly packumentCache full:https://registry.npmjs.org/ms cache-miss
470 http cache https://registry.npmjs.org/ms 3ms (cache hit)
471 silly packumentCache full:https://registry.npmjs.org/ms set size:92208 disposed:false
472 silly fetch manifest inherits@~2.0.4
473 silly packumentCache full:https://registry.npmjs.org/inherits cache-miss
474 http cache https://registry.npmjs.org/inherits 8ms (cache hit)
475 silly packumentCache full:https://registry.npmjs.org/inherits set size:12925 disposed:false
476 silly fetch manifest setprototypeof@~1.2.0
477 silly packumentCache full:https://registry.npmjs.org/setprototypeof cache-miss
478 http cache https://registry.npmjs.org/setprototypeof 3ms (cache hit)
479 silly packumentCache full:https://registry.npmjs.org/setprototypeof set size:14532 disposed:false
480 silly fetch manifest statuses@~2.0.2
481 silly packumentCache full:https://registry.npmjs.org/statuses cache-hit
482 silly fetch manifest toidentifier@~1.0.1
483 silly packumentCache full:https://registry.npmjs.org/toidentifier cache-miss
484 http cache https://registry.npmjs.org/toidentifier 3ms (cache hit)
485 silly packumentCache full:https://registry.npmjs.org/toidentifier set size:12006 disposed:false
486 silly fetch manifest mime-db@^1.54.0
487 silly packumentCache full:https://registry.npmjs.org/mime-db cache-miss
488 http cache https://registry.npmjs.org/mime-db 4ms (cache hit)
489 silly packumentCache full:https://registry.npmjs.org/mime-db set size:164953 disposed:false
490 silly fetch manifest ee-first@1.1.1
491 silly packumentCache full:https://registry.npmjs.org/ee-first cache-miss
492 http cache https://registry.npmjs.org/ee-first 3ms (cache hit)
493 silly packumentCache full:https://registry.npmjs.org/ee-first set size:15327 disposed:false
494 silly fetch manifest wrappy@1
495 silly packumentCache full:https://registry.npmjs.org/wrappy cache-miss
496 http cache https://registry.npmjs.org/wrappy 3ms (cache hit)
497 silly packumentCache full:https://registry.npmjs.org/wrappy set size:7682 disposed:false
498 silly fetch manifest forwarded@0.2.0
499 silly packumentCache full:https://registry.npmjs.org/forwarded cache-miss
500 http cache https://registry.npmjs.org/forwarded 3ms (cache hit)
501 silly packumentCache full:https://registry.npmjs.org/forwarded set size:11229 disposed:false
502 silly fetch manifest ipaddr.js@1.9.1
503 silly packumentCache full:https://registry.npmjs.org/ipaddr.js cache-miss
504 http cache https://registry.npmjs.org/ipaddr.js 3ms (cache hit)
505 silly packumentCache full:https://registry.npmjs.org/ipaddr.js set size:69563 disposed:false
506 silly fetch manifest side-channel@^1.1.0
507 silly packumentCache full:https://registry.npmjs.org/side-channel cache-miss
508 http cache https://registry.npmjs.org/side-channel 4ms (cache hit)
509 silly packumentCache full:https://registry.npmjs.org/side-channel set size:24660 disposed:false
510 silly fetch manifest is-promise@^4.0.0
511 silly packumentCache full:https://registry.npmjs.org/is-promise cache-miss
512 http cache https://registry.npmjs.org/is-promise 3ms (cache hit)
513 silly packumentCache full:https://registry.npmjs.org/is-promise set size:18599 disposed:false
514 silly fetch manifest path-to-regexp@^8.0.0
515 silly packumentCache full:https://registry.npmjs.org/path-to-regexp cache-miss
516 http cache https://registry.npmjs.org/path-to-regexp 11ms (cache hit)
517 silly packumentCache full:https://registry.npmjs.org/path-to-regexp set size:216334 disposed:false
518 silly fetch manifest statuses@^2.0.2
519 silly packumentCache full:https://registry.npmjs.org/statuses cache-hit
520 silly fetch manifest content-type@^2.0.0
521 silly packumentCache full:https://registry.npmjs.org/content-type cache-hit
522 silly fetch manifest media-typer@^1.1.0
523 silly packumentCache full:https://registry.npmjs.org/media-typer cache-miss
524 http cache https://registry.npmjs.org/media-typer 3ms (cache hit)
525 silly packumentCache full:https://registry.npmjs.org/media-typer set size:22678 disposed:false
526 silly placeDep node_modules/mcporter negotiator@1.0.0 OK for: accepts@2.0.0 want: ^1.0.0
527 silly placeDep node_modules/mcporter bytes@3.1.2 OK for: body-parser@2.2.2 want: ^3.1.2
528 silly placeDep node_modules/mcporter iconv-lite@0.7.2 OK for: body-parser@2.2.2 want: ^0.7.0
529 silly fetch manifest safer-buffer@>= 2.1.2 < 3.0.0
530 silly packumentCache full:https://registry.npmjs.org/safer-buffer cache-miss
531 http cache https://registry.npmjs.org/safer-buffer 3ms (cache hit)
532 silly packumentCache full:https://registry.npmjs.org/safer-buffer set size:18521 disposed:false
533 silly placeDep node_modules/mcporter ms@2.1.3 OK for: debug@4.4.3 want: ^2.1.3
534 silly placeDep node_modules/mcporter ip-address@10.2.0 OK for: express-rate-limit@8.5.2 want: ^10.2.0
535 silly placeDep node_modules/mcporter inherits@2.0.4 OK for: http-errors@2.0.1 want: ~2.0.4
536 silly placeDep node_modules/mcporter setprototypeof@1.2.0 OK for: http-errors@2.0.1 want: ~1.2.0
537 silly placeDep node_modules/mcporter toidentifier@1.0.1 OK for: http-errors@2.0.1 want: ~1.0.1
538 silly placeDep node_modules/mcporter safer-buffer@2.1.2 OK for: iconv-lite@0.7.2 want: >= 2.1.2 < 3.0.0
539 silly placeDep node_modules/mcporter mime-db@1.54.0 OK for: mime-types@3.0.2 want: ^1.54.0
540 silly placeDep node_modules/mcporter ee-first@1.1.1 OK for: on-finished@2.4.1 want: 1.1.1
541 silly placeDep node_modules/mcporter wrappy@1.0.2 OK for: once@1.4.0 want: 1
542 silly placeDep node_modules/mcporter chalk@5.6.2 OK for: ora@9.4.0 want: ^5.6.2
543 silly placeDep node_modules/mcporter cli-cursor@5.0.0 OK for: ora@9.4.0 want: ^5.0.0
544 silly placeDep node_modules/mcporter cli-spinners@3.4.0 OK for: ora@9.4.0 want: ^3.2.0
545 silly placeDep node_modules/mcporter is-interactive@2.0.0 OK for: ora@9.4.0 want: ^2.0.0
546 silly placeDep node_modules/mcporter is-unicode-supported@2.1.0 OK for: ora@9.4.0 want: ^2.1.0
547 silly placeDep node_modules/mcporter log-symbols@7.0.1 OK for: ora@9.4.0 want: ^7.0.1
548 silly placeDep node_modules/mcporter stdin-discarder@0.3.2 OK for: ora@9.4.0 want: ^0.3.2
549 silly placeDep node_modules/mcporter string-width@8.2.1 OK for: ora@9.4.0 want: ^8.1.0
550 silly fetch manifest restore-cursor@^5.0.0
551 silly packumentCache full:https://registry.npmjs.org/restore-cursor cache-miss
552 http cache https://registry.npmjs.org/restore-cursor 4ms (cache hit)
553 silly packumentCache full:https://registry.npmjs.org/restore-cursor set size:17895 disposed:false
554 silly fetch manifest yoctocolors@^2.1.1
555 silly packumentCache full:https://registry.npmjs.org/yoctocolors cache-miss
556 http cache https://registry.npmjs.org/yoctocolors 3ms (cache hit)
557 silly packumentCache full:https://registry.npmjs.org/yoctocolors set size:25767 disposed:false
558 silly fetch manifest get-east-asian-width@^1.5.0
559 silly packumentCache full:https://registry.npmjs.org/get-east-asian-width cache-miss
560 http cache https://registry.npmjs.org/get-east-asian-width 2ms (cache hit)
561 silly packumentCache full:https://registry.npmjs.org/get-east-asian-width set size:20538 disposed:false
562 silly fetch manifest strip-ansi@^7.1.2
563 silly packumentCache full:https://registry.npmjs.org/strip-ansi cache-miss
564 http cache https://registry.npmjs.org/strip-ansi 2ms (cache hit)
565 silly packumentCache full:https://registry.npmjs.org/strip-ansi set size:44998 disposed:false
566 silly placeDep node_modules/mcporter restore-cursor@5.1.0 OK for: cli-cursor@5.0.0 want: ^5.0.0
567 silly fetch manifest onetime@^7.0.0
568 silly packumentCache full:https://registry.npmjs.org/onetime cache-miss
569 http cache https://registry.npmjs.org/onetime 3ms (cache hit)
570 silly packumentCache full:https://registry.npmjs.org/onetime set size:32314 disposed:false
571 silly fetch manifest signal-exit@^4.1.0
572 silly packumentCache full:https://registry.npmjs.org/signal-exit cache-miss
573 http cache https://registry.npmjs.org/signal-exit 3ms (cache hit)
574 silly packumentCache full:https://registry.npmjs.org/signal-exit set size:53489 disposed:false
575 silly placeDep node_modules/mcporter yoctocolors@2.1.2 OK for: log-symbols@7.0.1 want: ^2.1.1
576 silly placeDep node_modules/mcporter forwarded@0.2.0 OK for: proxy-addr@2.0.7 want: 0.2.0
577 silly placeDep node_modules/mcporter ipaddr.js@1.9.1 OK for: proxy-addr@2.0.7 want: 1.9.1
578 silly placeDep node_modules/mcporter side-channel@1.1.0 OK for: qs@6.15.2 want: ^1.1.0
579 silly fetch manifest es-errors@^1.3.0
580 silly packumentCache full:https://registry.npmjs.org/es-errors cache-miss
581 http cache https://registry.npmjs.org/es-errors 3ms (cache hit)
582 silly packumentCache full:https://registry.npmjs.org/es-errors set size:16918 disposed:false
583 silly fetch manifest object-inspect@^1.13.3
584 silly packumentCache full:https://registry.npmjs.org/object-inspect cache-miss
585 http cache https://registry.npmjs.org/object-inspect 3ms (cache hit)
586 silly packumentCache full:https://registry.npmjs.org/object-inspect set size:101912 disposed:false
587 silly fetch manifest side-channel-list@^1.0.0
588 silly packumentCache full:https://registry.npmjs.org/side-channel-list cache-miss
589 http cache https://registry.npmjs.org/side-channel-list 4ms (cache hit)
590 silly packumentCache full:https://registry.npmjs.org/side-channel-list set size:9021 disposed:false
591 silly fetch manifest side-channel-map@^1.0.1
592 silly packumentCache full:https://registry.npmjs.org/side-channel-map cache-miss
593 http cache https://registry.npmjs.org/side-channel-map 8ms (cache hit)
594 silly packumentCache full:https://registry.npmjs.org/side-channel-map set size:9126 disposed:false
595 silly fetch manifest side-channel-weakmap@^1.0.2
596 silly packumentCache full:https://registry.npmjs.org/side-channel-weakmap cache-miss
597 http cache https://registry.npmjs.org/side-channel-weakmap 3ms (cache hit)
598 silly packumentCache full:https://registry.npmjs.org/side-channel-weakmap set size:12620 disposed:false
599 silly placeDep node_modules/mcporter unpipe@1.0.0 OK for: raw-body@3.0.2 want: ~1.0.0
600 silly placeDep node_modules/mcporter onetime@7.0.0 OK for: restore-cursor@5.1.0 want: ^7.0.0
601 silly placeDep node_modules/mcporter signal-exit@4.1.0 OK for: restore-cursor@5.1.0 want: ^4.1.0
602 silly fetch manifest mimic-function@^5.0.0
603 silly packumentCache full:https://registry.npmjs.org/mimic-function cache-miss
604 http cache https://registry.npmjs.org/mimic-function 6ms (cache hit)
605 silly packumentCache full:https://registry.npmjs.org/mimic-function set size:6356 disposed:false
606 silly placeDep node_modules/mcporter mimic-function@5.0.1 OK for: onetime@7.0.0 want: ^5.0.0
607 silly placeDep node_modules/mcporter @oxc-project/types@0.126.0 OK for: rolldown@1.0.0-rc.16 want: =0.126.0
608 silly placeDep node_modules/mcporter @rolldown/binding-android-arm64@1.0.0-rc.16 OK for: rolldown@1.0.0-rc.16 want: 1.0.0-rc.16
609 silly placeDep node_modules/mcporter @rolldown/binding-darwin-arm64@1.0.0-rc.16 OK for: rolldown@1.0.0-rc.16 want: 1.0.0-rc.16
610 silly placeDep node_modules/mcporter @rolldown/binding-darwin-x64@1.0.0-rc.16 OK for: rolldown@1.0.0-rc.16 want: 1.0.0-rc.16
611 silly placeDep node_modules/mcporter @rolldown/binding-freebsd-x64@1.0.0-rc.16 OK for: rolldown@1.0.0-rc.16 want: 1.0.0-rc.16
612 silly placeDep node_modules/mcporter @rolldown/binding-linux-arm-gnueabihf@1.0.0-rc.16 OK for: rolldown@1.0.0-rc.16 want: 1.0.0-rc.16
613 silly placeDep node_modules/mcporter @rolldown/binding-linux-arm64-gnu@1.0.0-rc.16 OK for: rolldown@1.0.0-rc.16 want: 1.0.0-rc.16
614 silly placeDep node_modules/mcporter @rolldown/binding-linux-arm64-musl@1.0.0-rc.16 OK for: rolldown@1.0.0-rc.16 want: 1.0.0-rc.16
615 silly placeDep node_modules/mcporter @rolldown/binding-linux-ppc64-gnu@1.0.0-rc.16 OK for: rolldown@1.0.0-rc.16 want: 1.0.0-rc.16
616 silly placeDep node_modules/mcporter @rolldown/binding-linux-s390x-gnu@1.0.0-rc.16 OK for: rolldown@1.0.0-rc.16 want: 1.0.0-rc.16
617 silly placeDep node_modules/mcporter @rolldown/binding-linux-x64-gnu@1.0.0-rc.16 OK for: rolldown@1.0.0-rc.16 want: 1.0.0-rc.16
618 silly placeDep node_modules/mcporter @rolldown/binding-linux-x64-musl@1.0.0-rc.16 OK for: rolldown@1.0.0-rc.16 want: 1.0.0-rc.16
619 silly placeDep node_modules/mcporter @rolldown/binding-openharmony-arm64@1.0.0-rc.16 OK for: rolldown@1.0.0-rc.16 want: 1.0.0-rc.16
620 silly placeDep node_modules/mcporter @rolldown/binding-wasm32-wasi@1.0.0-rc.16 OK for: rolldown@1.0.0-rc.16 want: 1.0.0-rc.16
621 silly placeDep node_modules/mcporter @rolldown/binding-win32-arm64-msvc@1.0.0-rc.16 OK for: rolldown@1.0.0-rc.16 want: 1.0.0-rc.16
622 silly placeDep node_modules/mcporter @rolldown/binding-win32-x64-msvc@1.0.0-rc.16 OK for: rolldown@1.0.0-rc.16 want: 1.0.0-rc.16
623 silly placeDep node_modules/mcporter @rolldown/pluginutils@1.0.0-rc.16 OK for: rolldown@1.0.0-rc.16 want: 1.0.0-rc.16
624 silly fetch manifest @emnapi/core@1.9.2
625 silly packumentCache full:https://registry.npmjs.org/@emnapi%2fcore cache-miss
626 http cache https://registry.npmjs.org/@emnapi%2fcore 9ms (cache hit)
627 silly packumentCache full:https://registry.npmjs.org/@emnapi%2fcore set size:108001 disposed:false
628 silly fetch manifest @emnapi/runtime@1.9.2
629 silly packumentCache full:https://registry.npmjs.org/@emnapi%2fruntime cache-miss
630 http cache https://registry.npmjs.org/@emnapi%2fruntime 3ms (cache hit)
631 silly packumentCache full:https://registry.npmjs.org/@emnapi%2fruntime set size:109985 disposed:false
632 silly fetch manifest @napi-rs/wasm-runtime@^1.1.4
633 silly packumentCache full:https://registry.npmjs.org/@napi-rs%2fwasm-runtime cache-miss
634 http cache https://registry.npmjs.org/@napi-rs%2fwasm-runtime 3ms (cache hit)
635 silly packumentCache full:https://registry.npmjs.org/@napi-rs%2fwasm-runtime set size:71273 disposed:false
636 silly placeDep node_modules/mcporter @emnapi/core@1.9.2 OK for: @rolldown/binding-wasm32-wasi@1.0.0-rc.16 want: 1.9.2
637 silly placeDep node_modules/mcporter @emnapi/runtime@1.9.2 OK for: @rolldown/binding-wasm32-wasi@1.0.0-rc.16 want: 1.9.2
638 silly placeDep node_modules/mcporter @napi-rs/wasm-runtime@1.1.4 OK for: @rolldown/binding-wasm32-wasi@1.0.0-rc.16 want: ^1.1.4
639 silly fetch manifest tslib@^2.4.0
640 silly packumentCache full:https://registry.npmjs.org/tslib cache-miss
641 http cache https://registry.npmjs.org/tslib 5ms (cache hit)
642 silly packumentCache full:https://registry.npmjs.org/tslib set size:108760 disposed:false
643 silly fetch manifest @emnapi/wasi-threads@1.2.1
644 silly packumentCache full:https://registry.npmjs.org/@emnapi%2fwasi-threads cache-miss
645 http cache https://registry.npmjs.org/@emnapi%2fwasi-threads 3ms (cache hit)
646 silly packumentCache full:https://registry.npmjs.org/@emnapi%2fwasi-threads set size:24206 disposed:false
647 silly fetch manifest @tybys/wasm-util@^0.10.1
648 silly packumentCache full:https://registry.npmjs.org/@tybys%2fwasm-util cache-miss
649 http cache https://registry.npmjs.org/@tybys%2fwasm-util 3ms (cache hit)
650 silly packumentCache full:https://registry.npmjs.org/@tybys%2fwasm-util set size:57759 disposed:false
651 silly placeDep node_modules/mcporter @emnapi/wasi-threads@1.2.1 OK for: @emnapi/core@1.9.2 want: 1.2.1
652 silly placeDep node_modules/mcporter tslib@2.8.1 OK for: @emnapi/core@1.9.2 want: ^2.4.0
653 silly placeDep node_modules/mcporter @tybys/wasm-util@0.10.2 OK for: @napi-rs/wasm-runtime@1.1.4 want: ^0.10.1
654 silly placeDep node_modules/mcporter is-promise@4.0.0 OK for: router@2.2.0 want: ^4.0.0
655 silly placeDep node_modules/mcporter path-to-regexp@8.4.2 OK for: router@2.2.0 want: ^8.0.0
656 silly placeDep node_modules/mcporter shebang-regex@3.0.0 OK for: shebang-command@2.0.0 want: ^3.0.0
657 silly placeDep node_modules/mcporter es-errors@1.3.0 OK for: side-channel@1.1.0 want: ^1.3.0
658 silly placeDep node_modules/mcporter object-inspect@1.13.4 OK for: side-channel@1.1.0 want: ^1.13.3
659 silly placeDep node_modules/mcporter side-channel-list@1.0.1 OK for: side-channel@1.1.0 want: ^1.0.0
660 silly placeDep node_modules/mcporter side-channel-map@1.0.1 OK for: side-channel@1.1.0 want: ^1.0.1
661 silly placeDep node_modules/mcporter side-channel-weakmap@1.0.2 OK for: side-channel@1.1.0 want: ^1.0.2
662 silly fetch manifest call-bound@^1.0.2
663 silly packumentCache full:https://registry.npmjs.org/call-bound cache-miss
664 http cache https://registry.npmjs.org/call-bound 3ms (cache hit)
665 silly packumentCache full:https://registry.npmjs.org/call-bound set size:15317 disposed:false
666 silly fetch manifest get-intrinsic@^1.2.5
667 silly packumentCache full:https://registry.npmjs.org/get-intrinsic cache-miss
668 http cache https://registry.npmjs.org/get-intrinsic 3ms (cache hit)
669 silly packumentCache full:https://registry.npmjs.org/get-intrinsic set size:60985 disposed:false
670 silly placeDep node_modules/mcporter call-bound@1.0.4 OK for: side-channel-map@1.0.1 want: ^1.0.2
671 silly placeDep node_modules/mcporter get-intrinsic@1.3.0 OK for: side-channel-map@1.0.1 want: ^1.2.5
672 silly fetch manifest call-bind-apply-helpers@^1.0.2
673 silly packumentCache full:https://registry.npmjs.org/call-bind-apply-helpers cache-miss
674 http cache https://registry.npmjs.org/call-bind-apply-helpers 6ms (cache hit)
675 silly packumentCache full:https://registry.npmjs.org/call-bind-apply-helpers set size:12744 disposed:false
676 silly fetch manifest get-intrinsic@^1.3.0
677 silly packumentCache full:https://registry.npmjs.org/get-intrinsic cache-hit
678 silly fetch manifest gopd@^1.2.0
679 silly packumentCache full:https://registry.npmjs.org/gopd cache-miss
680 http cache https://registry.npmjs.org/gopd 3ms (cache hit)
681 silly packumentCache full:https://registry.npmjs.org/gopd set size:11458 disposed:false
682 silly fetch manifest hasown@^2.0.2
683 silly packumentCache full:https://registry.npmjs.org/hasown cache-miss
684 http cache https://registry.npmjs.org/hasown 3ms (cache hit)
685 silly packumentCache full:https://registry.npmjs.org/hasown set size:18361 disposed:false
686 silly fetch manifest get-proto@^1.0.1
687 silly packumentCache full:https://registry.npmjs.org/get-proto cache-miss
688 http cache https://registry.npmjs.org/get-proto 5ms (cache hit)
689 silly packumentCache full:https://registry.npmjs.org/get-proto set size:8300 disposed:false
690 silly fetch manifest has-symbols@^1.1.0
691 silly packumentCache full:https://registry.npmjs.org/has-symbols cache-miss
692 http cache https://registry.npmjs.org/has-symbols 3ms (cache hit)
693 silly packumentCache full:https://registry.npmjs.org/has-symbols set size:21550 disposed:false
694 silly fetch manifest function-bind@^1.1.2
695 silly packumentCache full:https://registry.npmjs.org/function-bind cache-miss
696 http cache https://registry.npmjs.org/function-bind 3ms (cache hit)
697 silly packumentCache full:https://registry.npmjs.org/function-bind set size:15733 disposed:false
698 silly fetch manifest es-object-atoms@^1.1.1
699 silly packumentCache full:https://registry.npmjs.org/es-object-atoms cache-miss
700 http cache https://registry.npmjs.org/es-object-atoms 3ms (cache hit)
701 silly packumentCache full:https://registry.npmjs.org/es-object-atoms set size:18278 disposed:false
702 silly fetch manifest math-intrinsics@^1.1.0
703 silly packumentCache full:https://registry.npmjs.org/math-intrinsics cache-miss
704 http cache https://registry.npmjs.org/math-intrinsics 3ms (cache hit)
705 silly packumentCache full:https://registry.npmjs.org/math-intrinsics set size:9265 disposed:false
706 silly fetch manifest es-define-property@^1.0.1
707 silly packumentCache full:https://registry.npmjs.org/es-define-property cache-miss
708 http cache https://registry.npmjs.org/es-define-property 4ms (cache hit)
709 silly packumentCache full:https://registry.npmjs.org/es-define-property set size:8542 disposed:false
710 silly placeDep node_modules/mcporter call-bind-apply-helpers@1.0.2 OK for: call-bound@1.0.4 want: ^1.0.2
711 silly placeDep node_modules/mcporter function-bind@1.1.2 OK for: call-bind-apply-helpers@1.0.2 want: ^1.1.2
712 silly placeDep node_modules/mcporter es-define-property@1.0.1 OK for: get-intrinsic@1.3.0 want: ^1.0.1
713 silly placeDep node_modules/mcporter es-object-atoms@1.1.2 OK for: get-intrinsic@1.3.0 want: ^1.1.1
714 silly placeDep node_modules/mcporter get-proto@1.0.1 OK for: get-intrinsic@1.3.0 want: ^1.0.1
715 silly placeDep node_modules/mcporter gopd@1.2.0 OK for: get-intrinsic@1.3.0 want: ^1.2.0
716 silly placeDep node_modules/mcporter has-symbols@1.1.0 OK for: get-intrinsic@1.3.0 want: ^1.1.0
717 silly placeDep node_modules/mcporter hasown@2.0.4 OK for: get-intrinsic@1.3.0 want: ^2.0.2
718 silly placeDep node_modules/mcporter math-intrinsics@1.1.0 OK for: get-intrinsic@1.3.0 want: ^1.1.0
719 silly fetch manifest dunder-proto@^1.0.1
720 silly packumentCache full:https://registry.npmjs.org/dunder-proto cache-miss
721 http cache https://registry.npmjs.org/dunder-proto 7ms (cache hit)
722 silly packumentCache full:https://registry.npmjs.org/dunder-proto set size:8256 disposed:false
723 silly placeDep node_modules/mcporter dunder-proto@1.0.1 OK for: get-proto@1.0.1 want: ^1.0.1
724 silly placeDep node_modules/mcporter get-east-asian-width@1.6.0 OK for: string-width@8.2.1 want: ^1.5.0
725 silly placeDep node_modules/mcporter strip-ansi@7.2.0 OK for: string-width@8.2.1 want: ^7.1.2
726 silly fetch manifest ansi-regex@^6.2.2
727 silly packumentCache full:https://registry.npmjs.org/ansi-regex cache-miss
728 http cache https://registry.npmjs.org/ansi-regex 9ms (cache hit)
729 silly packumentCache full:https://registry.npmjs.org/ansi-regex set size:43572 disposed:false
730 silly placeDep node_modules/mcporter ansi-regex@6.2.2 OK for: strip-ansi@7.2.0 want: ^6.2.2
731 silly placeDep node_modules/mcporter/node_modules/type-is content-type@2.0.0 OK for: type-is@2.1.0 want: ^2.0.0
732 silly placeDep node_modules/mcporter media-typer@1.1.0 OK for: type-is@2.1.0 want: ^1.1.0
733 silly placeDep node_modules/mcporter isexe@2.0.0 OK for: which@2.0.2 want: ^2.0.0
734 silly reify moves {}
735 verbose reify failed optional dependency /home/mspbots/.hermes/profiles/belle-clone/home/.npm-global/lib/node_modules/mcporter/node_modules/@rolldown/binding-win32-x64-msvc
736 silly reify mark deleted [
736 silly reify   '/home/mspbots/.hermes/profiles/belle-clone/home/.npm-global/lib/node_modules/mcporter/node_modules/@rolldown/binding-win32-x64-msvc'
736 silly reify ]
737 verbose reify failed optional dependency /home/mspbots/.hermes/profiles/belle-clone/home/.npm-global/lib/node_modules/mcporter/node_modules/@rolldown/binding-win32-arm64-msvc
738 silly reify mark deleted [
738 silly reify   '/home/mspbots/.hermes/profiles/belle-clone/home/.npm-global/lib/node_modules/mcporter/node_modules/@rolldown/binding-win32-arm64-msvc'
738 silly reify ]
739 verbose reify failed optional dependency /home/mspbots/.hermes/profiles/belle-clone/home/.npm-global/lib/node_modules/mcporter/node_modules/@rolldown/binding-wasm32-wasi
740 silly reify mark deleted [
740 silly reify   '/home/mspbots/.hermes/profiles/belle-clone/home/.npm-global/lib/node_modules/mcporter/node_modules/@rolldown/binding-wasm32-wasi'
740 silly reify ]
741 verbose reify failed optional dependency /home/mspbots/.hermes/profiles/belle-clone/home/.npm-global/lib/node_modules/mcporter/node_modules/@emnapi/core
742 silly reify mark deleted [
742 silly reify   '/home/mspbots/.hermes/profiles/belle-clone/home/.npm-global/lib/node_modules/mcporter/node_modules/@emnapi/core'
742 silly reify ]
743 verbose reify failed optional dependency /home/mspbots/.hermes/profiles/belle-clone/home/.npm-global/lib/node_modules/mcporter/node_modules/@emnapi/runtime
744 silly reify mark deleted [
744 silly reify   '/home/mspbots/.hermes/profiles/belle-clone/home/.npm-global/lib/node_modules/mcporter/node_modules/@emnapi/runtime'
744 silly reify ]
745 verbose reify failed optional dependency /home/mspbots/.hermes/profiles/belle-clone/home/.npm-global/lib/node_modules/mcporter/node_modules/@napi-rs/wasm-runtime
746 silly reify mark deleted [
746 silly reify   '/home/mspbots/.hermes/profiles/belle-clone/home/.npm-global/lib/node_modules/mcporter/node_modules/@napi-rs/wasm-runtime'
746 silly reify ]
747 verbose reify failed optional dependency /home/mspbots/.hermes/profiles/belle-clone/home/.npm-global/lib/node_modules/mcporter/node_modules/tslib
748 silly reify mark deleted [
748 silly reify   '/home/mspbots/.hermes/profiles/belle-clone/home/.npm-global/lib/node_modules/mcporter/node_modules/tslib'
748 silly reify ]
749 verbose reify failed optional dependency /home/mspbots/.hermes/profiles/belle-clone/home/.npm-global/lib/node_modules/mcporter/node_modules/@emnapi/wasi-threads
750 silly reify mark deleted [
750 silly reify   '/home/mspbots/.hermes/profiles/belle-clone/home/.npm-global/lib/node_modules/mcporter/node_modules/@emnapi/wasi-threads'
750 silly reify ]
751 verbose reify failed optional dependency /home/mspbots/.hermes/profiles/belle-clone/home/.npm-global/lib/node_modules/mcporter/node_modules/@tybys/wasm-util
752 silly reify mark deleted [
752 silly reify   '/home/mspbots/.hermes/profiles/belle-clone/home/.npm-global/lib/node_modules/mcporter/node_modules/@tybys/wasm-util'
752 silly reify ]
753 verbose reify failed optional dependency /home/mspbots/.hermes/profiles/belle-clone/home/.npm-global/lib/node_modules/mcporter/node_modules/@rolldown/binding-openharmony-arm64
754 silly reify mark deleted [
754 silly reify   '/home/mspbots/.hermes/profiles/belle-clone/home/.npm-global/lib/node_modules/mcporter/node_modules/@rolldown/binding-openharmony-arm64'
754 silly reify ]
755 verbose reify failed optional dependency /home/mspbots/.hermes/profiles/belle-clone/home/.npm-global/lib/node_modules/mcporter/node_modules/@rolldown/binding-linux-x64-musl
756 silly reify mark deleted [
756 silly reify   '/home/mspbots/.hermes/profiles/belle-clone/home/.npm-global/lib/node_modules/mcporter/node_modules/@rolldown/binding-linux-x64-musl'
756 silly reify ]
757 verbose reify failed optional dependency /home/mspbots/.hermes/profiles/belle-clone/home/.npm-global/lib/node_modules/mcporter/node_modules/@rolldown/binding-linux-s390x-gnu
758 silly reify mark deleted [
758 silly reify   '/home/mspbots/.hermes/profiles/belle-clone/home/.npm-global/lib/node_modules/mcporter/node_modules/@rolldown/binding-linux-s390x-gnu'
758 silly reify ]
759 verbose reify failed optional dependency /home/mspbots/.hermes/profiles/belle-clone/home/.npm-global/lib/node_modules/mcporter/node_modules/@rolldown/binding-linux-ppc64-gnu
760 silly reify mark deleted [
760 silly reify   '/home/mspbots/.hermes/profiles/belle-clone/home/.npm-global/lib/node_modules/mcporter/node_modules/@rolldown/binding-linux-ppc64-gnu'
760 silly reify ]
761 verbose reify failed optional dependency /home/mspbots/.hermes/profiles/belle-clone/home/.npm-global/lib/node_modules/mcporter/node_modules/@rolldown/binding-linux-arm64-musl
762 silly reify mark deleted [
762 silly reify   '/home/mspbots/.hermes/profiles/belle-clone/home/.npm-global/lib/node_modules/mcporter/node_modules/@rolldown/binding-linux-arm64-musl'
762 silly reify ]
763 verbose reify failed optional dependency /home/mspbots/.hermes/profiles/belle-clone/home/.npm-global/lib/node_modules/mcporter/node_modules/@rolldown/binding-linux-arm64-gnu
764 silly reify mark deleted [
764 silly reify   '/home/mspbots/.hermes/profiles/belle-clone/home/.npm-global/lib/node_modules/mcporter/node_modules/@rolldown/binding-linux-arm64-gnu'
764 silly reify ]
765 verbose reify failed optional dependency /home/mspbots/.hermes/profiles/belle-clone/home/.npm-global/lib/node_modules/mcporter/node_modules/@rolldown/binding-linux-arm-gnueabihf
766 silly reify mark deleted [
766 silly reify   '/home/mspbots/.hermes/profiles/belle-clone/home/.npm-global/lib/node_modules/mcporter/node_modules/@rolldown/binding-linux-arm-gnueabihf'
766 silly reify ]
767 verbose reify failed optional dependency /home/mspbots/.hermes/profiles/belle-clone/home/.npm-global/lib/node_modules/mcporter/node_modules/@rolldown/binding-freebsd-x64
768 silly reify mark deleted [
768 silly reify   '/home/mspbots/.hermes/profiles/belle-clone/home/.npm-global/lib/node_modules/mcporter/node_modules/@rolldown/binding-freebsd-x64'
768 silly reify ]
769 verbose reify failed optional dependency /home/mspbots/.hermes/profiles/belle-clone/home/.npm-global/lib/node_modules/mcporter/node_modules/@rolldown/binding-darwin-x64
770 silly reify mark deleted [
770 silly reify   '/home/mspbots/.hermes/profiles/belle-clone/home/.npm-global/lib/node_modules/mcporter/node_modules/@rolldown/binding-darwin-x64'
770 silly reify ]
771 verbose reify failed optional dependency /home/mspbots/.hermes/profiles/belle-clone/home/.npm-global/lib/node_modules/mcporter/node_modules/@rolldown/binding-darwin-arm64
772 silly reify mark deleted [
772 silly reify   '/home/mspbots/.hermes/profiles/belle-clone/home/.npm-global/lib/node_modules/mcporter/node_modules/@rolldown/binding-darwin-arm64'
772 silly reify ]
773 verbose reify failed optional dependency /home/mspbots/.hermes/profiles/belle-clone/home/.npm-global/lib/node_modules/mcporter/node_modules/@rolldown/binding-android-arm64
774 silly reify mark deleted [
774 silly reify   '/home/mspbots/.hermes/profiles/belle-clone/home/.npm-global/lib/node_modules/mcporter/node_modules/@rolldown/binding-android-arm64'
774 silly reify ]
775 http cache mcporter@https://registry.npmjs.org/mcporter/-/mcporter-0.9.0.tgz 1ms (cache hit)
776 http cache isexe@https://registry.npmjs.org/isexe/-/isexe-2.0.0.tgz 0ms (cache hit)
777 http cache media-typer@https://registry.npmjs.org/media-typer/-/media-typer-1.1.0.tgz 1ms (cache hit)
778 http cache ansi-regex@https://registry.npmjs.org/ansi-regex/-/ansi-regex-6.2.2.tgz 0ms (cache hit)
779 http cache strip-ansi@https://registry.npmjs.org/strip-ansi/-/strip-ansi-7.2.0.tgz 0ms (cache hit)
780 http cache get-east-asian-width@https://registry.npmjs.org/get-east-asian-width/-/get-east-asian-width-1.6.0.tgz 0ms (cache hit)
781 http cache dunder-proto@https://registry.npmjs.org/dunder-proto/-/dunder-proto-1.0.1.tgz 0ms (cache hit)
782 http cache math-intrinsics@https://registry.npmjs.org/math-intrinsics/-/math-intrinsics-1.1.0.tgz 0ms (cache hit)
783 http cache hasown@https://registry.npmjs.org/hasown/-/hasown-2.0.4.tgz 0ms (cache hit)
784 http cache has-symbols@https://registry.npmjs.org/has-symbols/-/has-symbols-1.1.0.tgz 0ms (cache hit)
785 http cache gopd@https://registry.npmjs.org/gopd/-/gopd-1.2.0.tgz 0ms (cache hit)
786 http cache get-proto@https://registry.npmjs.org/get-proto/-/get-proto-1.0.1.tgz 0ms (cache hit)
787 http cache es-object-atoms@https://registry.npmjs.org/es-object-atoms/-/es-object-atoms-1.1.2.tgz 0ms (cache hit)
788 http cache es-define-property@https://registry.npmjs.org/es-define-property/-/es-define-property-1.0.1.tgz 0ms (cache hit)
789 http cache function-bind@https://registry.npmjs.org/function-bind/-/function-bind-1.1.2.tgz 0ms (cache hit)
790 http cache call-bind-apply-helpers@https://registry.npmjs.org/call-bind-apply-helpers/-/call-bind-apply-helpers-1.0.2.tgz 0ms (cache hit)
791 http cache get-intrinsic@https://registry.npmjs.org/get-intrinsic/-/get-intrinsic-1.3.0.tgz 0ms (cache hit)
792 http cache call-bound@https://registry.npmjs.org/call-bound/-/call-bound-1.0.4.tgz 0ms (cache hit)
793 http cache side-channel-weakmap@https://registry.npmjs.org/side-channel-weakmap/-/side-channel-weakmap-1.0.2.tgz 0ms (cache hit)
794 http cache side-channel-map@https://registry.npmjs.org/side-channel-map/-/side-channel-map-1.0.1.tgz 0ms (cache hit)
795 http cache side-channel-list@https://registry.npmjs.org/side-channel-list/-/side-channel-list-1.0.1.tgz 0ms (cache hit)
796 http cache object-inspect@https://registry.npmjs.org/object-inspect/-/object-inspect-1.13.4.tgz 0ms (cache hit)
797 http cache es-errors@https://registry.npmjs.org/es-errors/-/es-errors-1.3.0.tgz 0ms (cache hit)
798 http cache shebang-regex@https://registry.npmjs.org/shebang-regex/-/shebang-regex-3.0.0.tgz 0ms (cache hit)
799 http cache path-to-regexp@https://registry.npmjs.org/path-to-regexp/-/path-to-regexp-8.4.2.tgz 0ms (cache hit)
800 http cache is-promise@https://registry.npmjs.org/is-promise/-/is-promise-4.0.0.tgz 0ms (cache hit)
801 http cache @tybys/wasm-util@https://registry.npmjs.org/@tybys/wasm-util/-/wasm-util-0.10.2.tgz 0ms (cache hit)
802 http cache tslib@https://registry.npmjs.org/tslib/-/tslib-2.8.1.tgz 0ms (cache hit)
803 http cache @emnapi/wasi-threads@https://registry.npmjs.org/@emnapi/wasi-threads/-/wasi-threads-1.2.1.tgz 0ms (cache hit)
804 http cache @napi-rs/wasm-runtime@https://registry.npmjs.org/@napi-rs/wasm-runtime/-/wasm-runtime-1.1.4.tgz 0ms (cache hit)
805 http cache @emnapi/runtime@https://registry.npmjs.org/@emnapi/runtime/-/runtime-1.9.2.tgz 0ms (cache hit)
806 http cache @emnapi/core@https://registry.npmjs.org/@emnapi/core/-/core-1.9.2.tgz 0ms (cache hit)
807 http cache @rolldown/pluginutils@https://registry.npmjs.org/@rolldown/pluginutils/-/pluginutils-1.0.0-rc.16.tgz 0ms (cache hit)
808 http cache @rolldown/binding-linux-x64-gnu@https://registry.npmjs.org/@rolldown/binding-linux-x64-gnu/-/binding-linux-x64-gnu-1.0.0-rc.16.tgz 0ms (cache hit)
809 http cache @oxc-project/types@https://registry.npmjs.org/@oxc-project/types/-/types-0.126.0.tgz 0ms (cache hit)
810 http cache mimic-function@https://registry.npmjs.org/mimic-function/-/mimic-function-5.0.1.tgz 0ms (cache hit)
811 http cache signal-exit@https://registry.npmjs.org/signal-exit/-/signal-exit-4.1.0.tgz 0ms (cache hit)
812 http cache onetime@https://registry.npmjs.org/onetime/-/onetime-7.0.0.tgz 0ms (cache hit)
813 http cache unpipe@https://registry.npmjs.org/unpipe/-/unpipe-1.0.0.tgz 0ms (cache hit)
814 http cache side-channel@https://registry.npmjs.org/side-channel/-/side-channel-1.1.0.tgz 0ms (cache hit)
815 http cache ipaddr.js@https://registry.npmjs.org/ipaddr.js/-/ipaddr.js-1.9.1.tgz 0ms (cache hit)
816 http cache forwarded@https://registry.npmjs.org/forwarded/-/forwarded-0.2.0.tgz 0ms (cache hit)
817 http cache yoctocolors@https://registry.npmjs.org/yoctocolors/-/yoctocolors-2.1.2.tgz 0ms (cache hit)
818 http cache restore-cursor@https://registry.npmjs.org/restore-cursor/-/restore-cursor-5.1.0.tgz 0ms (cache hit)
819 http cache string-width@https://registry.npmjs.org/string-width/-/string-width-8.2.1.tgz 0ms (cache hit)
820 http cache stdin-discarder@https://registry.npmjs.org/stdin-discarder/-/stdin-discarder-0.3.2.tgz 0ms (cache hit)
821 http cache log-symbols@https://registry.npmjs.org/log-symbols/-/log-symbols-7.0.1.tgz 0ms (cache hit)
822 http cache is-unicode-supported@https://registry.npmjs.org/is-unicode-supported/-/is-unicode-supported-2.1.0.tgz 0ms (cache hit)
823 http cache is-interactive@https://registry.npmjs.org/is-interactive/-/is-interactive-2.0.0.tgz 0ms (cache hit)
824 http cache cli-spinners@https://registry.npmjs.org/cli-spinners/-/cli-spinners-3.4.0.tgz 0ms (cache hit)
825 http cache cli-cursor@https://registry.npmjs.org/cli-cursor/-/cli-cursor-5.0.0.tgz 0ms (cache hit)
826 http cache chalk@https://registry.npmjs.org/chalk/-/chalk-5.6.2.tgz 0ms (cache hit)
827 http cache wrappy@https://registry.npmjs.org/wrappy/-/wrappy-1.0.2.tgz 0ms (cache hit)
828 http cache ee-first@https://registry.npmjs.org/ee-first/-/ee-first-1.1.1.tgz 0ms (cache hit)
829 http cache mime-db@https://registry.npmjs.org/mime-db/-/mime-db-1.54.0.tgz 0ms (cache hit)
830 http cache safer-buffer@https://registry.npmjs.org/safer-buffer/-/safer-buffer-2.1.2.tgz 0ms (cache hit)
831 http cache toidentifier@https://registry.npmjs.org/toidentifier/-/toidentifier-1.0.1.tgz 0ms (cache hit)
832 http cache setprototypeof@https://registry.npmjs.org/setprototypeof/-/setprototypeof-1.2.0.tgz 0ms (cache hit)
833 http cache inherits@https://registry.npmjs.org/inherits/-/inherits-2.0.4.tgz 0ms (cache hit)
834 http cache ip-address@https://registry.npmjs.org/ip-address/-/ip-address-10.2.0.tgz 0ms (cache hit)
835 http cache ms@https://registry.npmjs.org/ms/-/ms-2.1.3.tgz 0ms (cache hit)
836 http cache iconv-lite@https://registry.npmjs.org/iconv-lite/-/iconv-lite-0.7.2.tgz 0ms (cache hit)
837 http cache bytes@https://registry.npmjs.org/bytes/-/bytes-3.1.2.tgz 0ms (cache hit)
838 http cache negotiator@https://registry.npmjs.org/negotiator/-/negotiator-1.0.0.tgz 0ms (cache hit)
839 http cache type-is@https://registry.npmjs.org/type-is/-/type-is-2.1.0.tgz 0ms (cache hit)
840 http cache content-type@https://registry.npmjs.org/content-type/-/content-type-2.0.0.tgz 0ms (cache hit)
841 http cache statuses@https://registry.npmjs.org/statuses/-/statuses-2.0.2.tgz 0ms (cache hit)
842 http cache serve-static@https://registry.npmjs.org/serve-static/-/serve-static-2.2.1.tgz 0ms (cache hit)
843 http cache send@https://registry.npmjs.org/send/-/send-1.2.1.tgz 0ms (cache hit)
844 http cache router@https://registry.npmjs.org/router/-/router-2.2.0.tgz 0ms (cache hit)
845 http cache range-parser@https://registry.npmjs.org/range-parser/-/range-parser-1.2.1.tgz 0ms (cache hit)
846 http cache qs@https://registry.npmjs.org/qs/-/qs-6.15.2.tgz 0ms (cache hit)
847 http cache proxy-addr@https://registry.npmjs.org/proxy-addr/-/proxy-addr-2.0.7.tgz 0ms (cache hit)
848 http cache parseurl@https://registry.npmjs.org/parseurl/-/parseurl-1.3.3.tgz 0ms (cache hit)
849 http cache once@https://registry.npmjs.org/once/-/once-1.4.0.tgz 0ms (cache hit)
850 http cache on-finished@https://registry.npmjs.org/on-finished/-/on-finished-2.4.1.tgz 0ms (cache hit)
851 http cache mime-types@https://registry.npmjs.org/mime-types/-/mime-types-3.0.2.tgz 0ms (cache hit)
852 http cache merge-descriptors@https://registry.npmjs.org/merge-descriptors/-/merge-descriptors-2.0.0.tgz 0ms (cache hit)
853 http cache http-errors@https://registry.npmjs.org/http-errors/-/http-errors-2.0.1.tgz 0ms (cache hit)
854 http cache fresh@https://registry.npmjs.org/fresh/-/fresh-2.0.0.tgz 0ms (cache hit)
855 http cache finalhandler@https://registry.npmjs.org/finalhandler/-/finalhandler-2.1.1.tgz 0ms (cache hit)
856 http cache etag@https://registry.npmjs.org/etag/-/etag-1.8.1.tgz 0ms (cache hit)
857 http cache escape-html@https://registry.npmjs.org/escape-html/-/escape-html-1.0.3.tgz 0ms (cache hit)
858 http cache encodeurl@https://registry.npmjs.org/encodeurl/-/encodeurl-2.0.0.tgz 0ms (cache hit)
859 http cache depd@https://registry.npmjs.org/depd/-/depd-2.0.0.tgz 0ms (cache hit)
860 http cache debug@https://registry.npmjs.org/debug/-/debug-4.4.3.tgz 1ms (cache hit)
861 http cache cookie-signature@https://registry.npmjs.org/cookie-signature/-/cookie-signature-1.2.2.tgz 0ms (cache hit)
862 http cache cookie@https://registry.npmjs.org/cookie/-/cookie-0.7.2.tgz 0ms (cache hit)
863 http cache content-disposition@https://registry.npmjs.org/content-disposition/-/content-disposition-1.1.0.tgz 0ms (cache hit)
864 http cache body-parser@https://registry.npmjs.org/body-parser/-/body-parser-2.2.2.tgz 0ms (cache hit)
865 http cache accepts@https://registry.npmjs.org/accepts/-/accepts-2.0.0.tgz 0ms (cache hit)
866 http cache which@https://registry.npmjs.org/which/-/which-2.0.2.tgz 0ms (cache hit)
867 http cache shebang-command@https://registry.npmjs.org/shebang-command/-/shebang-command-2.0.0.tgz 0ms (cache hit)
868 http cache path-key@https://registry.npmjs.org/path-key/-/path-key-3.1.1.tgz 0ms (cache hit)
869 http cache vary@https://registry.npmjs.org/vary/-/vary-1.1.2.tgz 0ms (cache hit)
870 http cache object-assign@https://registry.npmjs.org/object-assign/-/object-assign-4.1.1.tgz 0ms (cache hit)
871 http cache require-from-string@https://registry.npmjs.org/require-from-string/-/require-from-string-2.0.2.tgz 0ms (cache hit)
872 http cache json-schema-traverse@https://registry.npmjs.org/json-schema-traverse/-/json-schema-traverse-1.0.0.tgz 0ms (cache hit)
873 http cache fast-uri@https://registry.npmjs.org/fast-uri/-/fast-uri-3.1.2.tgz 0ms (cache hit)
874 http cache fast-deep-equal@https://registry.npmjs.org/fast-deep-equal/-/fast-deep-equal-3.1.3.tgz 0ms (cache hit)
875 http cache zod-to-json-schema@https://registry.npmjs.org/zod-to-json-schema/-/zod-to-json-schema-3.25.2.tgz 0ms (cache hit)
876 http cache raw-body@https://registry.npmjs.org/raw-body/-/raw-body-3.0.2.tgz 0ms (cache hit)
877 http cache pkce-challenge@https://registry.npmjs.org/pkce-challenge/-/pkce-challenge-5.0.1.tgz 0ms (cache hit)
878 http cache json-schema-typed@https://registry.npmjs.org/json-schema-typed/-/json-schema-typed-8.0.2.tgz 0ms (cache hit)
879 http cache jose@https://registry.npmjs.org/jose/-/jose-6.2.3.tgz 0ms (cache hit)
880 http cache express-rate-limit@https://registry.npmjs.org/express-rate-limit/-/express-rate-limit-8.5.2.tgz 0ms (cache hit)
881 http cache express@https://registry.npmjs.org/express/-/express-5.2.1.tgz 0ms (cache hit)
882 http cache eventsource-parser@https://registry.npmjs.org/eventsource-parser/-/eventsource-parser-3.1.0.tgz 0ms (cache hit)
883 http cache eventsource@https://registry.npmjs.org/eventsource/-/eventsource-3.0.7.tgz 0ms (cache hit)
884 http cache cross-spawn@https://registry.npmjs.org/cross-spawn/-/cross-spawn-7.0.6.tgz 0ms (cache hit)
885 http cache cors@https://registry.npmjs.org/cors/-/cors-2.8.6.tgz 0ms (cache hit)
886 http cache content-type@https://registry.npmjs.org/content-type/-/content-type-1.0.5.tgz 0ms (cache hit)
887 http cache ajv-formats@https://registry.npmjs.org/ajv-formats/-/ajv-formats-3.0.1.tgz 0ms (cache hit)
888 http cache ajv@https://registry.npmjs.org/ajv/-/ajv-8.20.0.tgz 0ms (cache hit)
889 http cache hono@https://registry.npmjs.org/hono/-/hono-4.12.23.tgz 0ms (cache hit)
890 http cache @hono/node-server@https://registry.npmjs.org/@hono/node-server/-/node-server-1.19.14.tgz 0ms (cache hit)
891 http cache zod@https://registry.npmjs.org/zod/-/zod-4.4.3.tgz 0ms (cache hit)
892 http cache rolldown@https://registry.npmjs.org/rolldown/-/rolldown-1.0.0-rc.16.tgz 0ms (cache hit)
893 http cache ora@https://registry.npmjs.org/ora/-/ora-9.4.0.tgz 0ms (cache hit)
894 http cache jsonc-parser@https://registry.npmjs.org/jsonc-parser/-/jsonc-parser-3.3.1.tgz 0ms (cache hit)
895 http cache es-toolkit@https://registry.npmjs.org/es-toolkit/-/es-toolkit-1.47.0.tgz 0ms (cache hit)
896 http cache commander@https://registry.npmjs.org/commander/-/commander-14.0.3.tgz 0ms (cache hit)
897 http cache acorn@https://registry.npmjs.org/acorn/-/acorn-8.16.0.tgz 0ms (cache hit)
898 http cache @modelcontextprotocol/sdk@https://registry.npmjs.org/@modelcontextprotocol/sdk/-/sdk-1.29.0.tgz 0ms (cache hit)
899 http cache @iarna/toml@https://registry.npmjs.org/@iarna/toml/-/toml-2.2.5.tgz 0ms (cache hit)
900 silly tarball no local data for mcporter@https://registry.npmjs.org/mcporter/-/mcporter-0.9.0.tgz. Extracting by manifest.
901 silly tarball no local data for isexe@https://registry.npmjs.org/isexe/-/isexe-2.0.0.tgz. Extracting by manifest.
902 silly tarball no local data for media-typer@https://registry.npmjs.org/media-typer/-/media-typer-1.1.0.tgz. Extracting by manifest.
903 silly tarball no local data for ansi-regex@https://registry.npmjs.org/ansi-regex/-/ansi-regex-6.2.2.tgz. Extracting by manifest.
904 silly tarball no local data for strip-ansi@https://registry.npmjs.org/strip-ansi/-/strip-ansi-7.2.0.tgz. Extracting by manifest.
905 silly tarball no local data for get-east-asian-width@https://registry.npmjs.org/get-east-asian-width/-/get-east-asian-width-1.6.0.tgz. Extracting by manifest.
906 silly tarball no local data for dunder-proto@https://registry.npmjs.org/dunder-proto/-/dunder-proto-1.0.1.tgz. Extracting by manifest.
907 silly tarball no local data for math-intrinsics@https://registry.npmjs.org/math-intrinsics/-/math-intrinsics-1.1.0.tgz. Extracting by manifest.
908 silly tarball no local data for hasown@https://registry.npmjs.org/hasown/-/hasown-2.0.4.tgz. Extracting by manifest.
909 silly tarball no local data for has-symbols@https://registry.npmjs.org/has-symbols/-/has-symbols-1.1.0.tgz. Extracting by manifest.
910 silly tarball no local data for gopd@https://registry.npmjs.org/gopd/-/gopd-1.2.0.tgz. Extracting by manifest.
911 silly tarball no local data for get-proto@https://registry.npmjs.org/get-proto/-/get-proto-1.0.1.tgz. Extracting by manifest.
912 silly tarball no local data for es-object-atoms@https://registry.npmjs.org/es-object-atoms/-/es-object-atoms-1.1.2.tgz. Extracting by manifest.
913 silly tarball no local data for es-define-property@https://registry.npmjs.org/es-define-property/-/es-define-property-1.0.1.tgz. Extracting by manifest.
914 silly tarball no local data for function-bind@https://registry.npmjs.org/function-bind/-/function-bind-1.1.2.tgz. Extracting by manifest.
915 silly tarball no local data for call-bind-apply-helpers@https://registry.npmjs.org/call-bind-apply-helpers/-/call-bind-apply-helpers-1.0.2.tgz. Extracting by manifest.
916 silly tarball no local data for get-intrinsic@https://registry.npmjs.org/get-intrinsic/-/get-intrinsic-1.3.0.tgz. Extracting by manifest.
917 silly tarball no local data for call-bound@https://registry.npmjs.org/call-bound/-/call-bound-1.0.4.tgz. Extracting by manifest.
918 silly tarball no local data for side-channel-weakmap@https://registry.npmjs.org/side-channel-weakmap/-/side-channel-weakmap-1.0.2.tgz. Extracting by manifest.
919 silly tarball no local data for side-channel-map@https://registry.npmjs.org/side-channel-map/-/side-channel-map-1.0.1.tgz. Extracting by manifest.
920 silly tarball no local data for side-channel-list@https://registry.npmjs.org/side-channel-list/-/side-channel-list-1.0.1.tgz. Extracting by manifest.
921 silly tarball no local data for object-inspect@https://registry.npmjs.org/object-inspect/-/object-inspect-1.13.4.tgz. Extracting by manifest.
922 silly tarball no local data for es-errors@https://registry.npmjs.org/es-errors/-/es-errors-1.3.0.tgz. Extracting by manifest.
923 silly tarball no local data for shebang-regex@https://registry.npmjs.org/shebang-regex/-/shebang-regex-3.0.0.tgz. Extracting by manifest.
924 silly tarball no local data for path-to-regexp@https://registry.npmjs.org/path-to-regexp/-/path-to-regexp-8.4.2.tgz. Extracting by manifest.
925 silly tarball no local data for is-promise@https://registry.npmjs.org/is-promise/-/is-promise-4.0.0.tgz. Extracting by manifest.
926 silly tarball no local data for @tybys/wasm-util@https://registry.npmjs.org/@tybys/wasm-util/-/wasm-util-0.10.2.tgz. Extracting by manifest.
927 silly tarball no local data for tslib@https://registry.npmjs.org/tslib/-/tslib-2.8.1.tgz. Extracting by manifest.
928 silly tarball no local data for @emnapi/wasi-threads@https://registry.npmjs.org/@emnapi/wasi-threads/-/wasi-threads-1.2.1.tgz. Extracting by manifest.
929 silly tarball no local data for @napi-rs/wasm-runtime@https://registry.npmjs.org/@napi-rs/wasm-runtime/-/wasm-runtime-1.1.4.tgz. Extracting by manifest.
930 silly tarball no local data for @emnapi/runtime@https://registry.npmjs.org/@emnapi/runtime/-/runtime-1.9.2.tgz. Extracting by manifest.
931 silly tarball no local data for @emnapi/core@https://registry.npmjs.org/@emnapi/core/-/core-1.9.2.tgz. Extracting by manifest.
932 silly tarball no local data for @rolldown/pluginutils@https://registry.npmjs.org/@rolldown/pluginutils/-/pluginutils-1.0.0-rc.16.tgz. Extracting by manifest.
933 silly tarball no local data for @rolldown/binding-linux-x64-gnu@https://registry.npmjs.org/@rolldown/binding-linux-x64-gnu/-/binding-linux-x64-gnu-1.0.0-rc.16.tgz. Extracting by manifest.
934 silly tarball no local data for @oxc-project/types@https://registry.npmjs.org/@oxc-project/types/-/types-0.126.0.tgz. Extracting by manifest.
935 silly tarball no local data for mimic-function@https://registry.npmjs.org/mimic-function/-/mimic-function-5.0.1.tgz. Extracting by manifest.
936 silly tarball no local data for signal-exit@https://registry.npmjs.org/signal-exit/-/signal-exit-4.1.0.tgz. Extracting by manifest.
937 silly tarball no local data for onetime@https://registry.npmjs.org/onetime/-/onetime-7.0.0.tgz. Extracting by manifest.
938 silly tarball no local data for unpipe@https://registry.npmjs.org/unpipe/-/unpipe-1.0.0.tgz. Extracting by manifest.
939 silly tarball no local data for side-channel@https://registry.npmjs.org/side-channel/-/side-channel-1.1.0.tgz. Extracting by manifest.
940 silly tarball no local data for ipaddr.js@https://registry.npmjs.org/ipaddr.js/-/ipaddr.js-1.9.1.tgz. Extracting by manifest.
941 silly tarball no local data for yoctocolors@https://registry.npmjs.org/yoctocolors/-/yoctocolors-2.1.2.tgz. Extracting by manifest.
942 silly tarball no local data for restore-cursor@https://registry.npmjs.org/restore-cursor/-/restore-cursor-5.1.0.tgz. Extracting by manifest.
943 silly tarball no local data for forwarded@https://registry.npmjs.org/forwarded/-/forwarded-0.2.0.tgz. Extracting by manifest.
944 silly tarball no local data for string-width@https://registry.npmjs.org/string-width/-/string-width-8.2.1.tgz. Extracting by manifest.
945 silly tarball no local data for stdin-discarder@https://registry.npmjs.org/stdin-discarder/-/stdin-discarder-0.3.2.tgz. Extracting by manifest.
946 silly tarball no local data for log-symbols@https://registry.npmjs.org/log-symbols/-/log-symbols-7.0.1.tgz. Extracting by manifest.
947 silly tarball no local data for is-unicode-supported@https://registry.npmjs.org/is-unicode-supported/-/is-unicode-supported-2.1.0.tgz. Extracting by manifest.
948 silly tarball no local data for is-interactive@https://registry.npmjs.org/is-interactive/-/is-interactive-2.0.0.tgz. Extracting by manifest.
949 silly tarball no local data for cli-spinners@https://registry.npmjs.org/cli-spinners/-/cli-spinners-3.4.0.tgz. Extracting by manifest.
950 silly tarball no local data for cli-cursor@https://registry.npmjs.org/cli-cursor/-/cli-cursor-5.0.0.tgz. Extracting by manifest.
951 silly tarball no local data for chalk@https://registry.npmjs.org/chalk/-/chalk-5.6.2.tgz. Extracting by manifest.
952 silly tarball no local data for wrappy@https://registry.npmjs.org/wrappy/-/wrappy-1.0.2.tgz. Extracting by manifest.
953 silly tarball no local data for ee-first@https://registry.npmjs.org/ee-first/-/ee-first-1.1.1.tgz. Extracting by manifest.
954 silly tarball no local data for mime-db@https://registry.npmjs.org/mime-db/-/mime-db-1.54.0.tgz. Extracting by manifest.
955 silly tarball no local data for safer-buffer@https://registry.npmjs.org/safer-buffer/-/safer-buffer-2.1.2.tgz. Extracting by manifest.
956 silly tarball no local data for toidentifier@https://registry.npmjs.org/toidentifier/-/toidentifier-1.0.1.tgz. Extracting by manifest.
957 silly tarball no local data for setprototypeof@https://registry.npmjs.org/setprototypeof/-/setprototypeof-1.2.0.tgz. Extracting by manifest.
958 silly tarball no local data for inherits@https://registry.npmjs.org/inherits/-/inherits-2.0.4.tgz. Extracting by manifest.
959 silly tarball no local data for ip-address@https://registry.npmjs.org/ip-address/-/ip-address-10.2.0.tgz. Extracting by manifest.
960 silly tarball no local data for ms@https://registry.npmjs.org/ms/-/ms-2.1.3.tgz. Extracting by manifest.
961 silly tarball no local data for iconv-lite@https://registry.npmjs.org/iconv-lite/-/iconv-lite-0.7.2.tgz. Extracting by manifest.
962 silly tarball no local data for bytes@https://registry.npmjs.org/bytes/-/bytes-3.1.2.tgz. Extracting by manifest.
963 silly tarball no local data for negotiator@https://registry.npmjs.org/negotiator/-/negotiator-1.0.0.tgz. Extracting by manifest.
964 silly tarball no local data for type-is@https://registry.npmjs.org/type-is/-/type-is-2.1.0.tgz. Extracting by manifest.
965 silly tarball no local data for content-type@https://registry.npmjs.org/content-type/-/content-type-2.0.0.tgz. Extracting by manifest.
966 silly tarball no local data for statuses@https://registry.npmjs.org/statuses/-/statuses-2.0.2.tgz. Extracting by manifest.
967 silly tarball no local data for serve-static@https://registry.npmjs.org/serve-static/-/serve-static-2.2.1.tgz. Extracting by manifest.
968 silly tarball no local data for send@https://registry.npmjs.org/send/-/send-1.2.1.tgz. Extracting by manifest.
969 silly tarball no local data for router@https://registry.npmjs.org/router/-/router-2.2.0.tgz. Extracting by manifest.
970 silly tarball no local data for range-parser@https://registry.npmjs.org/range-parser/-/range-parser-1.2.1.tgz. Extracting by manifest.
971 silly tarball no local data for qs@https://registry.npmjs.org/qs/-/qs-6.15.2.tgz. Extracting by manifest.
972 silly tarball no local data for proxy-addr@https://registry.npmjs.org/proxy-addr/-/proxy-addr-2.0.7.tgz. Extracting by manifest.
973 silly tarball no local data for parseurl@https://registry.npmjs.org/parseurl/-/parseurl-1.3.3.tgz. Extracting by manifest.
974 silly tarball no local data for once@https://registry.npmjs.org/once/-/once-1.4.0.tgz. Extracting by manifest.
975 silly tarball no local data for on-finished@https://registry.npmjs.org/on-finished/-/on-finished-2.4.1.tgz. Extracting by manifest.
976 silly tarball no local data for mime-types@https://registry.npmjs.org/mime-types/-/mime-types-3.0.2.tgz. Extracting by manifest.
977 silly tarball no local data for merge-descriptors@https://registry.npmjs.org/merge-descriptors/-/merge-descriptors-2.0.0.tgz. Extracting by manifest.
978 silly tarball no local data for http-errors@https://registry.npmjs.org/http-errors/-/http-errors-2.0.1.tgz. Extracting by manifest.
979 silly tarball no local data for fresh@https://registry.npmjs.org/fresh/-/fresh-2.0.0.tgz. Extracting by manifest.
980 silly tarball no local data for finalhandler@https://registry.npmjs.org/finalhandler/-/finalhandler-2.1.1.tgz. Extracting by manifest.
981 silly tarball no local data for etag@https://registry.npmjs.org/etag/-/etag-1.8.1.tgz. Extracting by manifest.
982 silly tarball no local data for escape-html@https://registry.npmjs.org/escape-html/-/escape-html-1.0.3.tgz. Extracting by manifest.
983 silly tarball no local data for encodeurl@https://registry.npmjs.org/encodeurl/-/encodeurl-2.0.0.tgz. Extracting by manifest.
984 silly tarball no local data for depd@https://registry.npmjs.org/depd/-/depd-2.0.0.tgz. Extracting by manifest.
985 silly tarball no local data for debug@https://registry.npmjs.org/debug/-/debug-4.4.3.tgz. Extracting by manifest.
986 silly tarball no local data for cookie-signature@https://registry.npmjs.org/cookie-signature/-/cookie-signature-1.2.2.tgz. Extracting by manifest.
987 silly tarball no local data for cookie@https://registry.npmjs.org/cookie/-/cookie-0.7.2.tgz. Extracting by manifest.
988 silly tarball no local data for content-disposition@https://registry.npmjs.org/content-disposition/-/content-disposition-1.1.0.tgz. Extracting by manifest.
989 silly tarball no local data for body-parser@https://registry.npmjs.org/body-parser/-/body-parser-2.2.2.tgz. Extracting by manifest.
990 silly tarball no local data for accepts@https://registry.npmjs.org/accepts/-/accepts-2.0.0.tgz. Extracting by manifest.
991 silly tarball no local data for which@https://registry.npmjs.org/which/-/which-2.0.2.tgz. Extracting by manifest.
992 silly tarball no local data for shebang-command@https://registry.npmjs.org/shebang-command/-/shebang-command-2.0.0.tgz. Extracting by manifest.
993 silly tarball no local data for path-key@https://registry.npmjs.org/path-key/-/path-key-3.1.1.tgz. Extracting by manifest.
994 silly tarball no local data for vary@https://registry.npmjs.org/vary/-/vary-1.1.2.tgz. Extracting by manifest.
995 silly tarball no local data for object-assign@https://registry.npmjs.org/object-assign/-/object-assign-4.1.1.tgz. Extracting by manifest.
996 silly tarball no local data for require-from-string@https://registry.npmjs.org/require-from-string/-/require-from-string-2.0.2.tgz. Extracting by manifest.
997 silly tarball no local data for json-schema-traverse@https://registry.npmjs.org/json-schema-traverse/-/json-schema-traverse-1.0.0.tgz. Extracting by manifest.
998 silly tarball no local data for fast-uri@https://registry.npmjs.org/fast-uri/-/fast-uri-3.1.2.tgz. Extracting by manifest.
999 silly tarball no local data for fast-deep-equal@https://registry.npmjs.org/fast-deep-equal/-/fast-deep-equal-3.1.3.tgz. Extracting by manifest.
1000 silly tarball no local data for zod-to-json-schema@https://registry.npmjs.org/zod-to-json-schema/-/zod-to-json-schema-3.25.2.tgz. Extracting by manifest.
1001 silly tarball no local data for raw-body@https://registry.npmjs.org/raw-body/-/raw-body-3.0.2.tgz. Extracting by manifest.
1002 silly tarball no local data for pkce-challenge@https://registry.npmjs.org/pkce-challenge/-/pkce-challenge-5.0.1.tgz. Extracting by manifest.
1003 silly tarball no local data for json-schema-typed@https://registry.npmjs.org/json-schema-typed/-/json-schema-typed-8.0.2.tgz. Extracting by manifest.
1004 silly tarball no local data for jose@https://registry.npmjs.org/jose/-/jose-6.2.3.tgz. Extracting by manifest.
1005 silly tarball no local data for express-rate-limit@https://registry.npmjs.org/express-rate-limit/-/express-rate-limit-8.5.2.tgz. Extracting by manifest.
1006 silly tarball no local data for express@https://registry.npmjs.org/express/-/express-5.2.1.tgz. Extracting by manifest.
1007 silly tarball no local data for eventsource-parser@https://registry.npmjs.org/eventsource-parser/-/eventsource-parser-3.1.0.tgz. Extracting by manifest.
1008 silly tarball no local data for eventsource@https://registry.npmjs.org/eventsource/-/eventsource-3.0.7.tgz. Extracting by manifest.
1009 silly tarball no local data for cross-spawn@https://registry.npmjs.org/cross-spawn/-/cross-spawn-7.0.6.tgz. Extracting by manifest.
1010 silly tarball no local data for cors@https://registry.npmjs.org/cors/-/cors-2.8.6.tgz. Extracting by manifest.
1011 silly tarball no local data for content-type@https://registry.npmjs.org/content-type/-/content-type-1.0.5.tgz. Extracting by manifest.
1012 silly tarball no local data for ajv-formats@https://registry.npmjs.org/ajv-formats/-/ajv-formats-3.0.1.tgz. Extracting by manifest.
1013 silly tarball no local data for ajv@https://registry.npmjs.org/ajv/-/ajv-8.20.0.tgz. Extracting by manifest.
1014 silly tarball no local data for hono@https://registry.npmjs.org/hono/-/hono-4.12.23.tgz. Extracting by manifest.
1015 silly tarball no local data for @hono/node-server@https://registry.npmjs.org/@hono/node-server/-/node-server-1.19.14.tgz. Extracting by manifest.
1016 silly tarball no local data for zod@https://registry.npmjs.org/zod/-/zod-4.4.3.tgz. Extracting by manifest.
1017 silly tarball no local data for rolldown@https://registry.npmjs.org/rolldown/-/rolldown-1.0.0-rc.16.tgz. Extracting by manifest.
1018 silly tarball no local data for ora@https://registry.npmjs.org/ora/-/ora-9.4.0.tgz. Extracting by manifest.
1019 silly tarball no local data for jsonc-parser@https://registry.npmjs.org/jsonc-parser/-/jsonc-parser-3.3.1.tgz. Extracting by manifest.
1020 silly tarball no local data for es-toolkit@https://registry.npmjs.org/es-toolkit/-/es-toolkit-1.47.0.tgz. Extracting by manifest.
1021 silly tarball no local data for commander@https://registry.npmjs.org/commander/-/commander-14.0.3.tgz. Extracting by manifest.
1022 silly tarball no local data for acorn@https://registry.npmjs.org/acorn/-/acorn-8.16.0.tgz. Extracting by manifest.
1023 silly tarball no local data for @modelcontextprotocol/sdk@https://registry.npmjs.org/@modelcontextprotocol/sdk/-/sdk-1.29.0.tgz. Extracting by manifest.
1024 silly tarball no local data for @iarna/toml@https://registry.npmjs.org/@iarna/toml/-/toml-2.2.5.tgz. Extracting by manifest.
1025 http fetch GET 200 https://registry.npmjs.org/media-typer/-/media-typer-1.1.0.tgz 1018ms (cache miss)
1026 http fetch GET 200 https://registry.npmjs.org/strip-ansi/-/strip-ansi-7.2.0.tgz 1074ms (cache miss)
1027 http fetch GET 200 https://registry.npmjs.org/ansi-regex/-/ansi-regex-6.2.2.tgz 1121ms (cache miss)
1028 http fetch GET 200 https://registry.npmjs.org/hasown/-/hasown-2.0.4.tgz 1209ms (cache miss)
1029 http fetch GET 200 https://registry.npmjs.org/isexe/-/isexe-2.0.0.tgz 1217ms (cache miss)
1030 http fetch GET 200 https://registry.npmjs.org/es-define-property/-/es-define-property-1.0.1.tgz 1212ms (cache miss)
1031 http fetch GET 200 https://registry.npmjs.org/is-promise/-/is-promise-4.0.0.tgz 1208ms (cache miss)
1032 http fetch GET 200 https://registry.npmjs.org/shebang-regex/-/shebang-regex-3.0.0.tgz 1210ms (cache miss)
1033 http fetch GET 200 https://registry.npmjs.org/get-proto/-/get-proto-1.0.1.tgz 1237ms (cache miss)
1034 http fetch GET 200 https://registry.npmjs.org/gopd/-/gopd-1.2.0.tgz 1238ms (cache miss)
1035 http fetch GET 200 https://registry.npmjs.org/get-east-asian-width/-/get-east-asian-width-1.6.0.tgz 1243ms (cache miss)
1036 http fetch GET 200 https://registry.npmjs.org/forwarded/-/forwarded-0.2.0.tgz 1230ms (cache miss)
1037 http fetch GET 200 https://registry.npmjs.org/is-unicode-supported/-/is-unicode-supported-2.1.0.tgz 1229ms (cache miss)
1038 http fetch GET 200 https://registry.npmjs.org/side-channel-weakmap/-/side-channel-weakmap-1.0.2.tgz 1262ms (cache miss)
1039 http fetch GET 200 https://registry.npmjs.org/onetime/-/onetime-7.0.0.tgz 1256ms (cache miss)
1040 http fetch GET 200 https://registry.npmjs.org/mimic-function/-/mimic-function-5.0.1.tgz 1256ms (cache miss)
1041 http fetch GET 200 https://registry.npmjs.org/is-interactive/-/is-interactive-2.0.0.tgz 1280ms (cache miss)
1042 http fetch GET 200 https://registry.npmjs.org/cli-cursor/-/cli-cursor-5.0.0.tgz 1280ms (cache miss)
1043 http fetch GET 200 https://registry.npmjs.org/side-channel-map/-/side-channel-map-1.0.1.tgz 1311ms (cache miss)
1044 http fetch GET 200 https://registry.npmjs.org/string-width/-/string-width-8.2.1.tgz 1301ms (cache miss)
1045 http fetch GET 200 https://registry.npmjs.org/restore-cursor/-/restore-cursor-5.1.0.tgz 1303ms (cache miss)
1046 http fetch GET 200 https://registry.npmjs.org/unpipe/-/unpipe-1.0.0.tgz 1305ms (cache miss)
1047 http fetch GET 200 https://registry.npmjs.org/yoctocolors/-/yoctocolors-2.1.2.tgz 1305ms (cache miss)
1048 http fetch GET 200 https://registry.npmjs.org/wrappy/-/wrappy-1.0.2.tgz 1300ms (cache miss)
1049 http fetch GET 200 https://registry.npmjs.org/negotiator/-/negotiator-1.0.0.tgz 1288ms (cache miss)
1050 http fetch GET 200 https://registry.npmjs.org/side-channel-list/-/side-channel-list-1.0.1.tgz 1329ms (cache miss)
1051 http fetch GET 200 https://registry.npmjs.org/stdin-discarder/-/stdin-discarder-0.3.2.tgz 1322ms (cache miss)
1052 http fetch GET 200 https://registry.npmjs.org/log-symbols/-/log-symbols-7.0.1.tgz 1321ms (cache miss)
1053 http fetch GET 200 https://registry.npmjs.org/@oxc-project/types/-/types-0.126.0.tgz 1327ms (cache miss)
1054 http fetch GET 200 https://registry.npmjs.org/ee-first/-/ee-first-1.1.1.tgz 1318ms (cache miss)
1055 http fetch GET 200 https://registry.npmjs.org/setprototypeof/-/setprototypeof-1.2.0.tgz 1317ms (cache miss)
1056 http fetch GET 200 https://registry.npmjs.org/inherits/-/inherits-2.0.4.tgz 1311ms (cache miss)
1057 http fetch GET 200 https://registry.npmjs.org/bytes/-/bytes-3.1.2.tgz 1309ms (cache miss)
1058 http fetch GET 200 https://registry.npmjs.org/dunder-proto/-/dunder-proto-1.0.1.tgz 1361ms (cache miss)
1059 http fetch GET 200 https://registry.npmjs.org/call-bound/-/call-bound-1.0.4.tgz 1357ms (cache miss)
1060 http fetch GET 200 https://registry.npmjs.org/toidentifier/-/toidentifier-1.0.1.tgz 1341ms (cache miss)
1061 http fetch GET 200 https://registry.npmjs.org/ms/-/ms-2.1.3.tgz 1332ms (cache miss)
1062 http fetch GET 200 https://registry.npmjs.org/serve-static/-/serve-static-2.2.1.tgz 1329ms (cache miss)
1063 http fetch GET 200 https://registry.npmjs.org/content-type/-/content-type-2.0.0.tgz 1331ms (cache miss)
1064 http fetch GET 200 https://registry.npmjs.org/http-errors/-/http-errors-2.0.1.tgz 1326ms (cache miss)
1065 http fetch GET 200 https://registry.npmjs.org/etag/-/etag-1.8.1.tgz 1326ms (cache miss)
1066 http fetch GET 200 https://registry.npmjs.org/call-bind-apply-helpers/-/call-bind-apply-helpers-1.0.2.tgz 1376ms (cache miss)
1067 http fetch GET 200 https://registry.npmjs.org/range-parser/-/range-parser-1.2.1.tgz 1348ms (cache miss)
1068 http fetch GET 200 https://registry.npmjs.org/proxy-addr/-/proxy-addr-2.0.7.tgz 1348ms (cache miss)
1069 http fetch GET 200 https://registry.npmjs.org/merge-descriptors/-/merge-descriptors-2.0.0.tgz 1349ms (cache miss)
1070 http fetch GET 200 https://registry.npmjs.org/es-object-atoms/-/es-object-atoms-1.1.2.tgz 1399ms (cache miss)
1071 http fetch GET 200 https://registry.npmjs.org/type-is/-/type-is-2.1.0.tgz 1369ms (cache miss)
1072 http fetch GET 200 https://registry.npmjs.org/statuses/-/statuses-2.0.2.tgz 1369ms (cache miss)
1073 http fetch GET 200 https://registry.npmjs.org/mime-types/-/mime-types-3.0.2.tgz 1365ms (cache miss)
1074 http fetch GET 200 https://registry.npmjs.org/fresh/-/fresh-2.0.0.tgz 1364ms (cache miss)
1075 http fetch GET 200 https://registry.npmjs.org/encodeurl/-/encodeurl-2.0.0.tgz 1363ms (cache miss)
1076 http fetch GET 200 https://registry.npmjs.org/accepts/-/accepts-2.0.0.tgz 1360ms (cache miss)
1077 http fetch GET 200 https://registry.npmjs.org/cookie-signature/-/cookie-signature-1.2.2.tgz 1370ms (cache miss)
1078 http fetch GET 200 https://registry.npmjs.org/ipaddr.js/-/ipaddr.js-1.9.1.tgz 1404ms (cache miss)
1079 http fetch GET 200 https://registry.npmjs.org/cli-spinners/-/cli-spinners-3.4.0.tgz 1400ms (cache miss)
1080 http fetch GET 200 https://registry.npmjs.org/once/-/once-1.4.0.tgz 1383ms (cache miss)
1081 http fetch GET 200 https://registry.npmjs.org/on-finished/-/on-finished-2.4.1.tgz 1383ms (cache miss)
1082 http fetch GET 200 https://registry.npmjs.org/escape-html/-/escape-html-1.0.3.tgz 1380ms (cache miss)
1083 http fetch GET 200 https://registry.npmjs.org/content-disposition/-/content-disposition-1.1.0.tgz 1378ms (cache miss)
1084 http fetch GET 200 https://registry.npmjs.org/path-key/-/path-key-3.1.1.tgz 1376ms (cache miss)
1085 http fetch GET 200 https://registry.npmjs.org/depd/-/depd-2.0.0.tgz 1407ms (cache miss)
1086 http fetch GET 200 https://registry.npmjs.org/finalhandler/-/finalhandler-2.1.1.tgz 1410ms (cache miss)
1087 http fetch GET 200 https://registry.npmjs.org/cookie/-/cookie-0.7.2.tgz 1407ms (cache miss)
1088 http fetch GET 200 https://registry.npmjs.org/which/-/which-2.0.2.tgz 1407ms (cache miss)
1089 http fetch GET 200 https://registry.npmjs.org/require-from-string/-/require-from-string-2.0.2.tgz 1405ms (cache miss)
1090 http fetch GET 200 https://registry.npmjs.org/es-errors/-/es-errors-1.3.0.tgz 1471ms (cache miss)
1091 http fetch GET 200 https://registry.npmjs.org/send/-/send-1.2.1.tgz 1444ms (cache miss)
1092 http fetch GET 200 https://registry.npmjs.org/parseurl/-/parseurl-1.3.3.tgz 1443ms (cache miss)
1093 http fetch GET 200 https://registry.npmjs.org/shebang-command/-/shebang-command-2.0.0.tgz 1434ms (cache miss)
1094 http fetch GET 200 https://registry.npmjs.org/vary/-/vary-1.1.2.tgz 1434ms (cache miss)
1095 http fetch GET 200 https://registry.npmjs.org/side-channel/-/side-channel-1.1.0.tgz 1480ms (cache miss)
1096 http fetch GET 200 https://registry.npmjs.org/object-assign/-/object-assign-4.1.1.tgz 1447ms (cache miss)
1097 http fetch GET 200 https://registry.npmjs.org/pkce-challenge/-/pkce-challenge-5.0.1.tgz 1445ms (cache miss)
1098 http fetch GET 200 https://registry.npmjs.org/content-type/-/content-type-1.0.5.tgz 1442ms (cache miss)
1099 http fetch GET 200 https://registry.npmjs.org/chalk/-/chalk-5.6.2.tgz 1486ms (cache miss)
1100 http fetch GET 200 https://registry.npmjs.org/fast-deep-equal/-/fast-deep-equal-3.1.3.tgz 1458ms (cache miss)
1101 http fetch GET 200 https://registry.npmjs.org/raw-body/-/raw-body-3.0.2.tgz 1457ms (cache miss)
1102 http fetch GET 200 https://registry.npmjs.org/ora/-/ora-9.4.0.tgz 1451ms (cache miss)
1103 http fetch GET 200 https://registry.npmjs.org/get-intrinsic/-/get-intrinsic-1.3.0.tgz 1510ms (cache miss)
1104 http fetch GET 200 https://registry.npmjs.org/function-bind/-/function-bind-1.1.2.tgz 1512ms (cache miss)
1105 http fetch GET 200 https://registry.npmjs.org/safer-buffer/-/safer-buffer-2.1.2.tgz 1494ms (cache miss)
1106 http fetch GET 200 https://registry.npmjs.org/path-to-regexp/-/path-to-regexp-8.4.2.tgz 1520ms (cache miss)
1107 http fetch GET 200 https://registry.npmjs.org/@rolldown/pluginutils/-/pluginutils-1.0.0-rc.16.tgz 1517ms (cache miss)
1108 http fetch GET 200 https://registry.npmjs.org/has-symbols/-/has-symbols-1.1.0.tgz 1536ms (cache miss)
1109 http fetch GET 200 https://registry.npmjs.org/cross-spawn/-/cross-spawn-7.0.6.tgz 1510ms (cache miss)
1110 http fetch GET 200 https://registry.npmjs.org/ajv-formats/-/ajv-formats-3.0.1.tgz 1510ms (cache miss)
1111 http fetch GET 200 https://registry.npmjs.org/json-schema-traverse/-/json-schema-traverse-1.0.0.tgz 1522ms (cache miss)
1112 http fetch GET 200 https://registry.npmjs.org/json-schema-typed/-/json-schema-typed-8.0.2.tgz 1520ms (cache miss)
1113 http fetch GET 200 https://registry.npmjs.org/express/-/express-5.2.1.tgz 1533ms (cache miss)
1114 http fetch GET 200 https://registry.npmjs.org/cors/-/cors-2.8.6.tgz 1539ms (cache miss)
1115 http fetch GET 200 https://registry.npmjs.org/math-intrinsics/-/math-intrinsics-1.1.0.tgz 1620ms (cache miss)
1116 http fetch GET 200 https://registry.npmjs.org/debug/-/debug-4.4.3.tgz 1577ms (cache miss)
1117 http fetch GET 200 https://registry.npmjs.org/router/-/router-2.2.0.tgz 1586ms (cache miss)
1118 http fetch GET 200 https://registry.npmjs.org/body-parser/-/body-parser-2.2.2.tgz 1576ms (cache miss)
1119 http fetch GET 200 https://registry.npmjs.org/express-rate-limit/-/express-rate-limit-8.5.2.tgz 1579ms (cache miss)
1120 http fetch GET 200 https://registry.npmjs.org/tslib/-/tslib-2.8.1.tgz 1630ms (cache miss)
1121 http fetch GET 200 https://registry.npmjs.org/mime-db/-/mime-db-1.54.0.tgz 1618ms (cache miss)
1122 http fetch GET 200 https://registry.npmjs.org/eventsource/-/eventsource-3.0.7.tgz 1593ms (cache miss)
1123 http fetch GET 200 https://registry.npmjs.org/eventsource-parser/-/eventsource-parser-3.1.0.tgz 1639ms (cache miss)
1124 http fetch GET 200 https://registry.npmjs.org/@emnapi/wasi-threads/-/wasi-threads-1.2.1.tgz 1687ms (cache miss)
1125 http fetch GET 200 https://registry.npmjs.org/signal-exit/-/signal-exit-4.1.0.tgz 1684ms (cache miss)
1126 http fetch GET 200 https://registry.npmjs.org/@iarna/toml/-/toml-2.2.5.tgz 1659ms (cache miss)
1127 http fetch GET 200 https://registry.npmjs.org/commander/-/commander-14.0.3.tgz 1697ms (cache miss)
1128 http fetch GET 200 https://registry.npmjs.org/fast-uri/-/fast-uri-3.1.2.tgz 1737ms (cache miss)
1129 http fetch GET 200 https://registry.npmjs.org/object-inspect/-/object-inspect-1.13.4.tgz 1787ms (cache miss)
1130 http fetch GET 200 https://registry.npmjs.org/qs/-/qs-6.15.2.tgz 1765ms (cache miss)
1131 http fetch GET 200 https://registry.npmjs.org/jsonc-parser/-/jsonc-parser-3.3.1.tgz 1744ms (cache miss)
1132 http fetch GET 200 https://registry.npmjs.org/@emnapi/runtime/-/runtime-1.9.2.tgz 1800ms (cache miss)
1133 http fetch GET 200 https://registry.npmjs.org/iconv-lite/-/iconv-lite-0.7.2.tgz 1813ms (cache miss)
1134 http fetch GET 200 https://registry.npmjs.org/ip-address/-/ip-address-10.2.0.tgz 1837ms (cache miss)
1135 http fetch GET 200 https://registry.npmjs.org/acorn/-/acorn-8.16.0.tgz 1813ms (cache miss)
1136 http fetch GET 200 https://registry.npmjs.org/@hono/node-server/-/node-server-1.19.14.tgz 1827ms (cache miss)
1137 http fetch GET 200 https://registry.npmjs.org/rolldown/-/rolldown-1.0.0-rc.16.tgz 1940ms (cache miss)
1138 http fetch GET 200 https://registry.npmjs.org/@tybys/wasm-util/-/wasm-util-0.10.2.tgz 2065ms (cache miss)
1139 http fetch GET 200 https://registry.npmjs.org/@emnapi/core/-/core-1.9.2.tgz 2064ms (cache miss)
1140 http fetch GET 200 https://registry.npmjs.org/zod-to-json-schema/-/zod-to-json-schema-3.25.2.tgz 2110ms (cache miss)
1141 http fetch GET 200 https://registry.npmjs.org/jose/-/jose-6.2.3.tgz 2274ms (cache miss)
1142 http fetch GET 200 https://registry.npmjs.org/@napi-rs/wasm-runtime/-/wasm-runtime-1.1.4.tgz 2725ms (cache miss)
1143 http fetch GET 200 https://registry.npmjs.org/ajv/-/ajv-8.20.0.tgz 3197ms (cache miss)
1144 http fetch GET 200 https://registry.npmjs.org/mcporter/-/mcporter-0.9.0.tgz 4062ms (cache miss)
1145 http fetch GET 200 https://registry.npmjs.org/@modelcontextprotocol/sdk/-/sdk-1.29.0.tgz 4064ms (cache miss)
1146 http fetch GET 200 https://registry.npmjs.org/zod/-/zod-4.4.3.tgz 4081ms (cache miss)
1147 http fetch GET 200 https://registry.npmjs.org/hono/-/hono-4.12.23.tgz 4096ms (cache miss)
1148 http fetch GET 200 https://registry.npmjs.org/@rolldown/binding-linux-x64-gnu/-/binding-linux-x64-gnu-1.0.0-rc.16.tgz 4372ms (cache miss)
1149 http fetch GET 200 https://registry.npmjs.org/es-toolkit/-/es-toolkit-1.47.0.tgz 4694ms (cache miss)
1150 silly ADD node_modules/mcporter
1151 silly ADD node_modules/mcporter/node_modules/isexe
1152 silly ADD node_modules/mcporter/node_modules/media-typer
1153 silly ADD node_modules/mcporter/node_modules/ansi-regex
1154 silly ADD node_modules/mcporter/node_modules/strip-ansi
1155 silly ADD node_modules/mcporter/node_modules/get-east-asian-width
1156 silly ADD node_modules/mcporter/node_modules/dunder-proto
1157 silly ADD node_modules/mcporter/node_modules/math-intrinsics
1158 silly ADD node_modules/mcporter/node_modules/hasown
1159 silly ADD node_modules/mcporter/node_modules/has-symbols
1160 silly ADD node_modules/mcporter/node_modules/gopd
1161 silly ADD node_modules/mcporter/node_modules/get-proto
1162 silly ADD node_modules/mcporter/node_modules/es-object-atoms
1163 silly ADD node_modules/mcporter/node_modules/es-define-property
1164 silly ADD node_modules/mcporter/node_modules/function-bind
1165 silly ADD node_modules/mcporter/node_modules/call-bind-apply-helpers
1166 silly ADD node_modules/mcporter/node_modules/get-intrinsic
1167 silly ADD node_modules/mcporter/node_modules/call-bound
1168 silly ADD node_modules/mcporter/node_modules/side-channel-weakmap
1169 silly ADD node_modules/mcporter/node_modules/side-channel-map
1170 silly ADD node_modules/mcporter/node_modules/side-channel-list
1171 silly ADD node_modules/mcporter/node_modules/object-inspect
1172 silly ADD node_modules/mcporter/node_modules/es-errors
1173 silly ADD node_modules/mcporter/node_modules/shebang-regex
1174 silly ADD node_modules/mcporter/node_modules/path-to-regexp
1175 silly ADD node_modules/mcporter/node_modules/is-promise
1176 silly ADD
1177 silly ADD
1178 silly ADD
1179 silly ADD
1180 silly ADD
1181 silly ADD
1182 silly ADD node_modules/mcporter/node_modules/@rolldown/pluginutils
1183 silly ADD
1184 silly ADD
1185 silly ADD
1186 silly ADD
1187 silly ADD
1188 silly ADD node_modules/mcporter/node_modules/@rolldown/binding-linux-x64-gnu
1189 silly ADD
1190 silly ADD
1191 silly ADD
1192 silly ADD
1193 silly ADD
1194 silly ADD
1195 silly ADD
1196 silly ADD
1197 silly ADD
1198 silly ADD node_modules/mcporter/node_modules/@oxc-project/types
1199 silly ADD node_modules/mcporter/node_modules/mimic-function
1200 silly ADD node_modules/mcporter/node_modules/signal-exit
1201 silly ADD node_modules/mcporter/node_modules/onetime
1202 silly ADD node_modules/mcporter/node_modules/unpipe
1203 silly ADD node_modules/mcporter/node_modules/side-channel
1204 silly ADD node_modules/mcporter/node_modules/ipaddr.js
1205 silly ADD node_modules/mcporter/node_modules/forwarded
1206 silly ADD node_modules/mcporter/node_modules/yoctocolors
1207 silly ADD node_modules/mcporter/node_modules/restore-cursor
1208 silly ADD node_modules/mcporter/node_modules/string-width
1209 silly ADD node_modules/mcporter/node_modules/stdin-discarder
1210 silly ADD node_modules/mcporter/node_modules/log-symbols
1211 silly ADD node_modules/mcporter/node_modules/is-unicode-supported
1212 silly ADD node_modules/mcporter/node_modules/is-interactive
1213 silly ADD node_modules/mcporter/node_modules/cli-spinners
1214 silly ADD node_modules/mcporter/node_modules/cli-cursor
1215 silly ADD node_modules/mcporter/node_modules/chalk
1216 silly ADD node_modules/mcporter/node_modules/wrappy
1217 silly ADD node_modules/mcporter/node_modules/ee-first
1218 silly ADD node_modules/mcporter/node_modules/mime-db
1219 silly ADD node_modules/mcporter/node_modules/safer-buffer
1220 silly ADD node_modules/mcporter/node_modules/toidentifier
1221 silly ADD node_modules/mcporter/node_modules/setprototypeof
1222 silly ADD node_modules/mcporter/node_modules/inherits
1223 silly ADD node_modules/mcporter/node_modules/ip-address
1224 silly ADD node_modules/mcporter/node_modules/ms
1225 silly ADD node_modules/mcporter/node_modules/iconv-lite
1226 silly ADD node_modules/mcporter/node_modules/bytes
1227 silly ADD node_modules/mcporter/node_modules/negotiator
1228 silly ADD node_modules/mcporter/node_modules/type-is
1229 silly ADD node_modules/mcporter/node_modules/type-is/node_modules/content-type
1230 silly ADD node_modules/mcporter/node_modules/statuses
1231 silly ADD node_modules/mcporter/node_modules/serve-static
1232 silly ADD node_modules/mcporter/node_modules/send
1233 silly ADD node_modules/mcporter/node_modules/router
1234 silly ADD node_modules/mcporter/node_modules/range-parser
1235 silly ADD node_modules/mcporter/node_modules/qs
1236 silly ADD node_modules/mcporter/node_modules/proxy-addr
1237 silly ADD node_modules/mcporter/node_modules/parseurl
1238 silly ADD node_modules/mcporter/node_modules/once
1239 silly ADD node_modules/mcporter/node_modules/on-finished
1240 silly ADD node_modules/mcporter/node_modules/mime-types
1241 silly ADD node_modules/mcporter/node_modules/merge-descriptors
1242 silly ADD node_modules/mcporter/node_modules/http-errors
1243 silly ADD node_modules/mcporter/node_modules/fresh
1244 silly ADD node_modules/mcporter/node_modules/finalhandler
1245 silly ADD node_modules/mcporter/node_modules/etag
1246 silly ADD node_modules/mcporter/node_modules/escape-html
1247 silly ADD node_modules/mcporter/node_modules/encodeurl
1248 silly ADD node_modules/mcporter/node_modules/depd
1249 silly ADD node_modules/mcporter/node_modules/debug
1250 silly ADD node_modules/mcporter/node_modules/cookie-signature
1251 silly ADD node_modules/mcporter/node_modules/cookie
1252 silly ADD node_modules/mcporter/node_modules/content-disposition
1253 silly ADD node_modules/mcporter/node_modules/body-parser
1254 silly ADD node_modules/mcporter/node_modules/accepts
1255 silly ADD node_modules/mcporter/node_modules/which
1256 silly ADD node_modules/mcporter/node_modules/shebang-command
1257 silly ADD node_modules/mcporter/node_modules/path-key
1258 silly ADD node_modules/mcporter/node_modules/vary
1259 silly ADD node_modules/mcporter/node_modules/object-assign
1260 silly ADD node_modules/mcporter/node_modules/require-from-string
1261 silly ADD node_modules/mcporter/node_modules/json-schema-traverse
1262 silly ADD node_modules/mcporter/node_modules/fast-uri
1263 silly ADD node_modules/mcporter/node_modules/fast-deep-equal
1264 silly ADD node_modules/mcporter/node_modules/zod-to-json-schema
1265 silly ADD node_modules/mcporter/node_modules/raw-body
1266 silly ADD node_modules/mcporter/node_modules/pkce-challenge
1267 silly ADD node_modules/mcporter/node_modules/json-schema-typed
1268 silly ADD node_modules/mcporter/node_modules/jose
1269 silly ADD node_modules/mcporter/node_modules/express-rate-limit
1270 silly ADD node_modules/mcporter/node_modules/express
1271 silly ADD node_modules/mcporter/node_modules/eventsource-parser
1272 silly ADD node_modules/mcporter/node_modules/eventsource
1273 silly ADD node_modules/mcporter/node_modules/cross-spawn
1274 silly ADD node_modules/mcporter/node_modules/cors
1275 silly ADD node_modules/mcporter/node_modules/content-type
1276 silly ADD node_modules/mcporter/node_modules/ajv-formats
1277 silly ADD node_modules/mcporter/node_modules/ajv
1278 silly ADD node_modules/mcporter/node_modules/hono
1279 silly ADD node_modules/mcporter/node_modules/@hono/node-server
1280 silly ADD node_modules/mcporter/node_modules/zod
1281 silly ADD node_modules/mcporter/node_modules/rolldown
1282 silly ADD node_modules/mcporter/node_modules/ora
1283 silly ADD node_modules/mcporter/node_modules/jsonc-parser
1284 silly ADD node_modules/mcporter/node_modules/es-toolkit
1285 silly ADD node_modules/mcporter/node_modules/commander
1286 silly ADD node_modules/mcporter/node_modules/acorn
1287 silly ADD node_modules/mcporter/node_modules/@modelcontextprotocol/sdk
1288 silly ADD node_modules/mcporter/node_modules/@iarna/toml
1289 verbose cwd /home/mspbots/.hermes/profiles/belle-clone/home/.hermes/profiles/belle-clone/skills/tencent-docs
1290 verbose os Linux 6.17.0-14-generic
1291 verbose node v22.22.0
1292 verbose npm  v10.9.4
1293 verbose exit 0
1294 info ok
